0	4.930345369240374	8.346268078598186	4.976396181343954	4.947437788627036	4.8288712438312595	5.906765178171252	4.99961016101336	5.950998233432366	6.377946088087415	5.060999895667388	5.002956939612393	5.878410118778476	4.773889274925833	6.2995370271656075	5.018259221391018	16.82037800130193	6.457699752561555	5.842462955948408	4.54790678605739	5.221977744623726	8.072963455176907	8.323602539304298	7.723848916435608	8.634538498103574	9.035739915490218	5.997634583979122	6.3002482208120565	6.120487695561062	10.685660855890262	10.901662484440704	20.211398126276872	5.079681026429126	9.352509535010213	4.965861316939198	4.9601642679070075	16.893166190278887	6.35117250533599	5.580761439585762	5.481520184669818	5.633337050716798	12.87566116751932	6.211112865797569	13.468944634124394	5.84029935948718	4.8297158399036455	6.31348037261611	3.0126713849065037	3.182725571696785	4.615023335629363	13.054464179801895	17.20990644938017	17.12329143770592	17.48039215825681	2.3865828498891175	13.303212891750746	13.299560279957023	13.860733875259243	14.172298147437514	13.691002547612873	13.49984331263202	12.794988788450219	13.425050409332236	14.339310496544975	13.283181237334354	12.447799721687971	13.213800227015248	13.276710504917233	13.03320738672981	12.746877953816014	13.341494299974812	13.11676312084031	13.012028826436481	12.884308870386745	13.51844194156103	13.228939192605639	13.002510443202373	13.20675551004383	13.564938286629772	13.207557517850848	12.79218270202906	13.313449596809805	13.387464743202871	13.280963072215274	13.088387657704557	12.986092389498092	13.120009255775711	13.503829047843858	13.791998433842139	13.40073207793972	13.345830420893359	13.072507184753116	13.130120978281498	12.846942581097023	13.178114962519738	13.37942076581643	13.399940638618327	13.237603978176482	13.299468626658632	13.733192662705676	12.964237609653658	13.502915712907894	13.197425046186398	13.092103685792207	13.370401050474705	13.179572312592066	13.334943205067956	12.939402404316297	13.161831174606323	13.391648974979
0	18.74458961571828	23.37221512729349	16.054515461942934	19.45515627078653	24.03482681072366	16.64505319475855	16.83181721706918	19.60645128658015	25.0859828013659	15.385297461484564	25.321427577741492	26.031959453579457	25.61870877108098	26.539852144551844	16.080056591260693	15.406366398000097	15.428608599713208	25.910966924772207	26.01842872695712	16.143587410621645	4.41485859218856	23.348099587482615	13.106661424288944	22.502541191396677	7.303539199144553	12.26245102663356	25.062756169714373	26.10665733503109	22.163809322787884	10.1907171578091	10.079381224893611	25.17999023780587	25.48538832205153	25.239464092074247	0.41535917650886856	0.36586739932122775	0.717597098056472	0.9060453312155684	0.30541381235671855	0.42795203657101977	0.4622307710577562	0.21360664653061448	0.6353764436071885	0.2110855607599566	0.3610574497974211	0.3495921575549089	0.3636083605453835	0.5528738111890319	0.6129125580031513	0.6778506923745703	0.34723507959492883	0.58863647851592	0.6356555273963503	0.3906715206422632	0.7328502797663669	0.7659372651001887	0.5402886297410247	0.6834624248976481	0.1621553142501765	0.4172257276758044	0.5982510257566692	0.1377425450142744	0.39241812544423627	0.48109467625785657	0.5212230160138182	0.24205068068520372	0.5351905588959385	0.3137365103868138	0.3101169907591099	0.1055536129052301	0.6367855305399305	0.5985794173227045	0.7120367502306524	0.6315567559043807	0.4797533051628798	0.25588423920587783	0.25445205045584957	0.28098227315431995	0.39065902648924755	0.32021998611011804	0.7288426127306741	0.18184022759487287	0.6825847890589968	0.6161331804078682	0.3132576530793935	0.41447609857542916	0.39273375911591424	0.1261740589667929	0.27680089224083215	0.47283993463648377	0.07034465434368879	0.2584373728878887	0.5883288253626567	0.31400177162663356	0.5850855193677427	0.18303169971650546	0.14318995371941406	0.5967827086554993	0.2244402348837072	0.1956089995859426	0.5391638612123764	0.16582619182999037	0.32415495369957276	0.5736013183783534	0.19283610040418658	0.39723503385393927	0.42870597779545944	0.1255391442457746	0.7661295661853483
0	31.14067931490351	21.07474773802782	26.029592361993522	11.778298866746338	14.990788260190168	20.513702074124087	10.724818347961298	10.349350520763661	10.396549186957259	10.276042036743148	18.756462932142416	11.886410252824335	26.11759362681928	25.95913045251437	26.537933976583883	32.24220784199257	15.764589145343066	27.72139224637262	9.258245312126846	15.067375912287593	14.939915955451719	14.42590452390398	27.28199036830978	15.981020812642063	16.496469978788014	16.245045425520384	15.883738606231361	16.5025905444991	13.110011300096826	8.329725765809771	8.306010987290039	8.342772129264631	10.002558383422745	15.809724478058541	16.21098628794124	10.56006580403427	10.371853969880302	15.262732202515776	9.74619774534431	16.068118997375155	16.02508420609098	11.753451167836289	6.898763806155168	6.900584621206206	5.6485422650326065	16.212161632460425	6.244917461493776	1.3602124450758097	3.154814682543121	10.918016814649723	6.798441346524813	16.636024886974283	1.89829031830263	16.23205309217952	25.369334368949545	26.21743063053012	24.853203826819655	1.2907702455109888	3.396622718832738	3.8237729775825535	21.00527758668786	1.7420899878593847	0.6370520501002385	1.2721494612633855	0.26142364422367476	1.3425401933291385	0.8457599319488291	0.403701536127512	0.17929007056368684	0.14582911122969827	0.8827111034398852	0.2553273172992977	0.4425944968558233	0.6177814762927993	0.20470439478986094	0.2723853110548423	0.5883105048484185	0.5220818918782147	0.24512053514164672	0.6930014066004815	0.32658403630877963	0.14087616770741582	0.3706654340970831	0.7532850871116622	0.30385312421997557	0.675709512032605	0.283989429779034	0.3971000000861446	0.20715755203745398	0.6601261840615394	0.37660173184075857	0.5072583953961839	0.5912265965943169	0.379574220554152	0.3774196257703001	0.28788066843785903	0.49763791957145326	0.6317031806733185	0.5700589567679673	0.2139227720621193	0.4542005824130316	0.33017079865854215	0.33888723430317047	0.04970255376843128	0.28303644136490325	0.14790929850432152	0.3558271457242476	0.20054740803513169	0.109069148641813
0	14.784076526232946	21.67716930236068	11.270107179300002	20.426445942063964	20.90175301546386	21.072930253920134	16.3394854597116	16.3616686675234	17.782546577531292	16.754047151793607	17.45099635233386	15.094167280628827	16.36643501715829	26.822475928486185	26.737603659737278	30.087275418230472	13.002489771729774	22.032777186432938	14.572792778450504	15.890847295680489	23.988849634389123	16.154302181940956	26.54250748174533	21.117270732154445	12.571712953427443	27.34641216918378	12.230789724756896	25.900135326497505	16.158791843543764	16.04171735102363	16.4917832264535	25.655311501373095	10.903169742568	10.315973817190544	10.615418977877615	9.659963382306893	3.681508870968862	8.505554948006129	0.5345070589003972	0.8820013967831427	0.93235468289639	1.042587273259536	0.5196469271012122	0.3602595573851041	0.2112806088089777	0.35134826282444154	0.3893206265623069	0.1576731399432083	0.4679297264165885	0.5205094481071529	1.3350728872000968	0.9850681383997453	0.7365762054443973	0.7693094614971872	0.27706222925158225	0.14673393165760584	0.6091883379983926	0.19583817787237356	0.16345715039380387	0.26795856692387826	0.24408103207261792	0.578460345221977	0.17735889187663867	0.5728914690807326	0.47861103898850904	0.4252903794720555	0.4935592344788162	0.5626317248644355	0.87459560218815	0.466322353455752	0.6874270950849786	0.46600537879916487	0.5230283159292304	0.45967469303316405	0.6209130101747724	0.6907522033528077	0.8238671869564662	0.14146349063899077	0.370479594444415	0.21573774883060023	0.12214768777109959	0.3443420136329504	0.7298530682214011	0.5555396988326492	0.06281981925339587	0.42283124834575153	0.10593660546763625	0.1550149257225418	0.30087601878467013	0.6087740510991069	0.5793019903417391	0.29008217580826984	0.13241407036930714	0.27348772037253205	0.04426424582974775	0.4758481854737902	0.41396342657139107	0.5480846051435138	1.1595473371365128	0.42161570681918975	0.2827096895511848	0.33065906718461535	0.12436856344200439	0.18456909824701767	0.07637585010986891	0.5435903753186704	0.7791111122232128	0.2895123204874651	0.42041052158222336
0	28.039835706712935	22.514303518280148	22.59629208917742	28.149510394756522	7.909816814365003	8.045891726859276	16.514210830695617	16.239220740939537	15.754802833446208	15.914825233984097	15.917522649499142	16.034369754365123	8.343576418171388	9.876952140408811	8.16386565848863	6.839570564036179	15.558405381270633	4.051255381163739	10.345933689150947	10.115124426927473	3.7911120459467256	0.918134663195192	4.194650167972059	10.60417081379233	16.242279301041094	16.38860898666243	16.2903096251916	7.776121132707028	8.333264086513472	2.6950486796780115	0.9362324202682697	0.8768140206500674	0.5985236489110451	0.38885899968828047	0.1266255547673136	0.1699662951336824	0.4350927088859963	0.4031184083357459	0.1333828407773726	0.4740512762566761	0.5366372994198843	0.5000732430017598	0.08011829365592509	0.1819950015797515	0.6319821890304631	0.7941232299514618	0.6379072026594566	0.43915182062549013	0.46647992114333875	0.35110702064459376	0.5489952364020529	0.46223047058053096	0.6587122312159824	0.28504786354234474	0.5857403712408851	0.3690191888920754	0.548478041948485	0.4647731433633387	0.5569911964566755	0.30230693152108173	0.09111249069122392	0.45673369715951667	0.40985091340081325	0.5227665874409337	0.5269807899624632	0.9704592099484073	0.5179449945871931	0.4709522528094424	0.23128029239144426	0.4347659264854416	0.4905172468213364	0.6312258068383173	0.26958478163289856	0.3875215664957449	0.26892739607076055	0.057774399591989316	0.7082746613445581	0.390995967054149	0.13645390288505818	0.41541999997191464	0.3996181493981858	0.4856831683590766	0.22310222665705423	0.3091361876402267	0.17716279618898012	0.4419567645647685	0.4664474709426806	0.1562154228744545	0.6947656264576695	0.6263558197032444	0.5551217785955938	0.37790198750831355	0.4095690199876643	0.4228625812394565	0.27077485863873263	0.287447322361989	0.3084849537767152	0.4284411670880812	0.3665639973949217	0.2870425511323221	0.2834376741843671	0.4152074011054263	0.3147117724378928	0.23406396100689858	0.27448793460030263	0.44133491234184963	0.053996311178737016	0.14287238896669366	0.3491363561523439
0	26.786366757264418	21.90487275159708	15.221770940670911	13.524502183958061	13.3929652480386	10.400582832566002	10.386130821583178	17.07371460493981	10.334698689682629	9.561898359273414	20.49224711909108	10.71587647563619	10.849523430405078	23.371272647943027	26.089885539936045	1.9571870324260858	9.950522093199975	1.8718132938543393	9.253530752542687	7.746370250146355	9.825542891505044	1.1301180296271303	1.211627903488858	8.333563894398331	1.1364240346374015	0.3668560539170238	0.7234579627403752	0.529490929727812	0.4681894733549849	0.5119354559328043	0.39820624048176995	0.3248596799930585	0.38363036183849025	0.40301497825061944	0.1374797719048838	0.455149155456517	0.30097256354069885	0.3774914228675491	0.3404346512442959	0.04465796861822616	0.44776564750894854	0.4337961250447229	0.5556307795784987	0.43262110662132885	0.39662222477934905	0.30363844207192237	0.4141545804552476	0.5294596130851091	0.28172372003736873	0.32262068593264015	0.5507757762666186	0.29214779295472587	0.27739455046519984	0.36436508317040384	0.5696844911780629	0.3922888864847675	0.539585455481009	0.5694590151902996	0.1991700884175157	0.40007781474561116	0.663549261009258	0.4706814080683369	0.5525504786881169	0.4751817225481278	0.19206400922637948	0.4229432510991398	0.5573038111425161	0.4907708733764219	0.6130098280549547	0.6837698359966149	0.5092137113493878	0.653508820528933	0.5024992314825868	0.20837813125482046	0.20622654288980793	0.4009978701134114	0.3844639215565053	0.5836842992681006	0.4978627410694454	0.3032578862641481	0.5052068055300662	0.21924976559584952	0.3064923625418497	0.20962660351272802	0.17524245771317187	0.46358594116164364	0.2553578680601138	0.3419263244242665	0.32062510412895406	0.3554212608181284	0.3206403187477904	0.3944786967408202	0.24594718929698292	0.17323704013229524	0.1815697569957015	0.31309066941427083	0.37217951348967243	0.389820143454618	0.39967050540096477	0.35310931477153884	0.10385814301987267	0.32653695381134645	0.44603863154411716	0.2570114840731486	0.5410027775123829	0.4740567920917057	0.15516077262289624	0.23724878335853694	0.27743479099049645
0	28.37417956835001	8.152913195130521	17.6659677628766	25.34517843012136	25.540993450119526	12.162778883812958	25.361242972802675	24.907625362442378	25.037841892733432	16.133722286306963	19.9258196551057	18.007919731716196	16.561323815155877	2.0780442579951526	8.26549245063696	2.2638141379123686	1.7578520644111448	1.6457947337526775	1.4118196232088775	1.9026217515986639	1.6149478013973557	1.6451523167114717	1.5697594640280625	0.7672851634299541	1.3885932437113861	1.2640121156147874	0.18461182618501212	0.9481739627669725	0.4221533640727811	0.6555432144501971	1.065325419161982	0.5292759642144077	0.5421456926284353	0.5627059113738707	0.34773027661254424	0.28683298044818	0.5000042482497776	0.33317151375468773	0.6024652347661741	0.5372400513775536	0.46218803298649236	0.44379994008150814	0.569905247289559	0.15765426091915086	0.3640633592852217	0.4946784652985262	0.2056731221144612	0.5559257392047323	0.17094776860066677	0.5534868432637391	0.7500928787231417	1.144499544331532	1.7316138666811542	0.11081749831277711	0.9850721224731048	1.2899934789824927	0.1434933600727154	0.8627884140150243	0.8511016824531007	0.3798198420730504	0.642497506317769	0.471155734054103	0.4577340168140283	0.4845905400666041	0.3880794009394778	0.3451962799009832	0.4994308916927218	0.816738459379159	0.4700963879968894	0.9146841091621711	0.43579749250297106	0.526405399903795	0.1709974501316878	0.12424412869274488	0.32185357822338023	0.7637710619556988	0.5195872428590296	1.0182267781151044	0.6235931086228169	0.07012723888928238	0.603170269555377	0.6367452141348753	0.25390766397684517	0.4098212254771264	0.3195859548833078	0.17292821665727554	0.5340862163740897	0.3200963067972329	0.08626382525061052	0.3393677125690474	0.5507665060106436	0.2146401634587299	0.3813934409556407	0.36034038100801646	0.31849655060799803	0.08196680887808261	0.10393410751518802	0.3057636922965724	0.20069472900779134	0.4098196195205926	0.3502356837565476	0.11098792509865943	0.19107541031656974	0.19663804061936285	0.6005942446154883	0.6142000521953473	0.38995762635101816	0.24409617399372588	0.3234986383977538
0	15.61692821673474	15.763302154145036	11.454352722455797	15.044499077657413	11.020343099672798	21.754321207908372	10.511701114993649	14.30500724535118	14.422384840771773	25.31961213823734	12.082652356083793	12.66389908083153	10.457255683075097	10.49442998716559	9.755028983725184	9.09948276173175	10.018428077796017	15.937057407525892	13.656536577019766	13.887885760258802	12.963492701014374	8.449947745692741	1.7358648981208311	10.673775173821227	1.813373621349074	0.9303561732175624	0.7474291903417328	0.9225325926901956	0.4346143353536817	1.0170494705951965	0.09872638141288169	0.6491369987453133	0.32039697260118133	0.05283752229602183	0.3012805175765966	0.09011779519852495	0.46956715117672104	0.16215304650985932	0.18376098525161302	0.5000363151568051	0.4948062847530619	0.23778064116706282	0.5072340408096977	0.08437866550845456	0.653672960226777	0.3002062552823317	0.14293643134552805	0.1711176265009342	0.6745032993279672	0.2630084204205374	0.44576884505383146	0.24153138421718545	0.84673483127455	0.6402530696860411	0.3845933243200957	0.5302588279957333	0.1476920798706742	0.5001208078287267	0.3469070846386858	0.5130818750786783	0.7314362921324677	0.5803766016851499	0.08052257209359695	1.004368179552809	0.13419294638187812	0.6522585228423804	0.3378376476920835	0.56637516972779	0.24340574247184274	0.39951997831200753	0.21836237723422477	0.36752750059964756	0.5565870965849326	0.4417038035275196	0.28667838873778356	0.5085792230371108	0.4332755338036501	0.502120242245995	0.5099925768823227	0.10199481618847787	0.4525573211665019	0.07860045398864766	0.23429342444494	0.17857813799909517	0.22696629330300616	0.3023271411022706	0.517653194155466	0.31962902615028604	0.21458609323932976	0.5215870218442391	0.4578656305289831	0.2400220898512323	0.45842769484403056	0.3709530709455251	0.7715269726274566	0.34767763890346065	0.19896965392208837	0.32053046579520544	0.4131493670530274	0.5360859101622818	0.39579772554216425	0.7393952389153989	0.10264427900266106	0.19453625362849125	0.2056984664198088	0.5617393918988975	0.1255895060951152	0.3464922580612855	0.5039233381199301
0	30.955441551213	15.298104334390828	19.41304077880263	26.235959706244856	19.018994173077886	20.72689310465928	18.952773805916777	19.464960003624483	19.753917833685637	19.92573780222309	16.040024384782193	17.178591472721454	26.01823487390811	24.3786353239523	25.871729909538427	25.62180623058734	25.72789916795975	25.87812377541896	25.8240584118529	12.927208147185656	25.08254931173992	8.233850449624894	25.272654271351925	25.76889845478658	15.948224286635375	16.252414081696237	25.30440722004996	25.081823447484965	25.19853502731547	25.0660446648869	16.805246485166727	25.360862600986817	1.3783291167428662	1.5756113046883147	1.301814524210412	1.7300442500831035	1.2936569542644774	0.7669919425415197	0.23353014616285964	0.6865485980295432	0.7096269712682377	0.4966615023574076	0.3568948983923184	0.2690110368460798	0.5572517952930609	0.24808622984746767	0.19336886435569212	0.5208842300299715	0.36342371702935244	0.2706076661581817	1.3727555406089351	1.388718214365371	1.412929301013897	1.3439871960320697	0.3250250413734997	0.3150812726526298	0.3925969153649724	0.45163519412870484	0.10398310912791688	0.5443395854270285	0.3203431050442044	0.1641702488112703	0.26526323695208387	0.5162173733901267	0.31477031354992946	0.5480023623300121	0.5649944720080226	0.49402302559251715	0.5483272923726625	0.7893102344357519	0.3679437795318673	0.46010527848409716	0.5302681552089986	0.32159927610619937	0.5047205157249903	0.20906356018001931	0.3972227277768437	0.9225416514658543	0.06409475404031503	0.2665032215296652	0.17402146141896216	0.484518390156038	0.31416163714984896	0.2260349619232571	0.286815350651257	0.4477592769284306	0.4376951194979583	0.053010720442841115	0.7929863664935133	0.22989133729368028	0.3734821213803678	0.269021811461077	0.5044303171537686	0.12748885418777442	0.3663737586450066	0.36544017131060624	0.2237123891448664	0.13710213293915177	0.5815453493121483	0.4732947723791044	0.25072785477117177	0.23601883461516354	0.3321799478793565	0.2790281776309304	0.1768419262891907	0.42506246814882814	0.34806469050791067	0.2651506501603221	0.24879570536354953
0	18.548171753813435	26.073369014079898	19.31123783912088	16.707888070753175	15.787556975946982	17.008306984345293	16.079643955808134	15.829630537295245	17.604491022151926	15.870222211953681	24.778252259834865	24.378136780049203	13.47307180940158	16.461147334863476	23.379663488049943	15.895634083462099	12.453195511419842	14.033545426057724	10.181340276268575	17.50987395489902	20.776767342891148	1.3973819914762369	2.8367202543956767	0.6596829170468268	0.294574247072905	0.3718097390158042	0.37744551509639873	0.058207082000619574	0.5027306978601535	0.6003968165866712	0.08682204515961628	0.126193734233623	0.2543286878450704	0.47292345369821376	0.38118810531683184	0.25710793206156235	0.5768667602023505	0.22139844534031342	0.2849268685633026	0.14615693720488057	0.2164009271212213	0.10765905665395131	0.5622145600643634	0.33939572434873505	0.832056131036076	0.4407142712136899	0.26387951364417206	0.5475771682286095	0.4325428899476735	0.21873494919759776	0.8027309252211489	0.2059211936638444	0.3785381798494859	0.4258408791961976	0.5095355938143573	0.5738310333343917	0.7135594025650633	0.7221223829330102	0.6995291017695454	0.3627565806263293	0.15395400418753666	0.22767404732484778	0.6083340552900076	0.16856514290786787	0.5634793245777722	0.3419163299800628	0.15995240160710308	0.6070024966305673	0.5485141451371741	0.1956605569115155	0.7813956874011418	0.40430258308980543	0.5481120344083186	0.7353396754217828	0.23742544316902978	0.19282766151409692	0.09388951587720323	0.4347683400432104	0.390820908053044	0.2622768300410996	0.3350519923568469	0.08550938565179787	0.16211627428656358	0.2890740072315382	0.36960131366645477	0.5098592018913973	0.46986875069734635	0.40031652317823685	0.29615060800386916	0.10305934464712108	0.28045159037380263	0.38876074895698975	0.4212633873139999	0.6421543894089256	0.4992998259692757	0.3769681286035745	0.14142123378179303	0.3930431442357454	0.1969256864761723	0.20320754670560492	0.2589726346775679	0.45847130750806847	0.17129365412176967	0.11522579140420203	0.4534931060242167	0.5340425009143271	0.34076552406880595	0.17626533707420688	0.11724903987166292
0	20.854291355907343	26.463441413444254	26.43057813320648	26.73568152639758	27.45520589703425	26.69826298086262	12.410793003741704	27.35893524149883	25.33433998205078	18.183050760468635	17.921177540202418	25.358192490079112	4.416661044023898	26.25572744607742	27.076778662550232	23.00063816239033	18.07033773651115	0.9995928337656742	0.4143313233259145	0.35503185143408156	0.622731432205689	0.41215705749903087	0.0556100970488361	0.36272810356359764	0.30009545079594735	0.5054214456659782	0.1625588472218526	0.39878173930871813	0.09367459339572384	0.3872767395558994	0.4519634807457503	0.3132028186212784	0.28527317899680676	0.5193350072028036	0.3727249820707087	0.4715706859453058	0.3780626218019475	0.4565821110078494	0.33306941942138646	0.4481482407824146	0.6077872773847095	0.1828653969229973	0.5416360080434436	0.7110519568297845	0.30756549802044847	0.5596770852898652	0.4203519187744162	0.44258595292578234	0.43108724481862687	0.19812299086415652	0.577139985488016	0.7985019644081941	0.13925165040474452	0.6949888212617371	0.4307345054575817	0.5970774444764735	0.8043247501826357	0.558623016640296	0.5546435008669346	0.30136363123796484	0.053455883276963274	0.14777708973498413	0.34172936676790555	0.7880203049363711	0.48372570230335077	0.736163317757574	0.2543741511768941	0.35835418328084495	0.3592317647688613	0.35930416552150685	0.5071899738232714	0.558136473689754	0.21501975104669172	0.5150097802380273	0.4944325946928876	0.46892268000275583	0.8602305989292588	0.15329903732321318	0.24615964759940184	0.5160924196036409	0.15101735491320184	0.08000498380554795	0.2952342237099385	0.36301166488456543	0.28769531593588454	0.34601671634387476	0.3440469462712623	0.4920983751604908	0.37727920657428216	0.80354291944869	0.21168017926381333	0.16811034080475326	0.2875731446384003	0.30020558213258974	0.2557548335702691	0.23783589746319353	0.4264089168171138	0.41056855745165155	0.1489428772612589	0.1052876792742359	0.3879194591395423	0.3336705611791854	0.12374067262917371	0.29272386856005966	0.046400904730615845	0.23205168912169152	0.2585218269419474	0.20545302330327908	0.4818234907346665
0	12.505166458656598	11.74032581470234	15.654654218013683	16.251332792262374	16.080115662326413	25.58042472616668	8.502939826085148	16.354499588826762	11.95547402002296	17.00360343608627	15.650365801622481	11.644090569363078	11.846821058478449	6.194394596463508	18.256079484543736	13.215188995416526	11.693866520128992	11.865680778565569	13.547451374575827	2.579331404757731	15.918661636594035	6.741628362376863	15.998203857428843	1.072003691140215	1.1885209335577431	2.3352999858394816	1.277064950803347	1.0604168952470183	1.0587543690163816	1.3681206190115405	1.0866960387590194	1.1587381079423271	4.803803829470482	0.8588663842396977	1.1626517819526816	0.8839701277914781	0.5763853654243367	0.47277389705384526	0.48704382117036527	0.4067859230397812	0.14339932095177588	0.6327209132261425	0.3653764050132887	0.4684887956506621	0.16520913109563765	0.7662799935042564	0.20370635305086976	0.4159249018409564	0.19003253178231516	0.4972603923481012	0.8586403425228041	1.0735272698625593	1.0176110723912015	0.8086006271280802	0.6306214776710791	0.35602852206192076	0.8243646145744454	0.5393038613004357	0.5781394009127772	0.4036696739214981	0.23455063407296958	0.2305376228015646	0.5936967333103927	0.4033469323852225	0.4109331617956541	0.33700082144211957	0.37076080841118186	0.2663495951507394	0.06410402606766306	0.31050779206511775	0.27120671529085116	0.5376394012415093	0.3327595839488082	0.21691643007716452	0.14290903543930475	0.33963514366618636	0.26123507484784714	0.16860364257254631	0.1811673585946956	0.12459650287244045	0.2544348485255101	0.4290297586629486	0.14716904628152683	0.2695618922066293	0.5726205916840166	0.2817549599564615	0.6929744680599311	0.3201016039895391	0.23245997631678603	0.0910959478184022	0.21507759516349742	0.1998917366264621	0.1410867765765616	0.5996574105960186	0.1350093178462943	0.23196179692681845	0.4041545732914698	0.26181223360622546	0.39720151651967955	0.2588315714800959	0.19619756205645322	0.39368478282594443	0.19076640421718458	0.3507867262844706	0.07363693448568624	0.36082623834895367	0.21851731046101197	0.24672325237295967	0.16907027868168917
0	19.849209619323755	14.093581880628376	18.80863748600478	13.256246532291918	18.66099183609844	15.311154776308701	15.933257729447178	16.37673734544307	10.62784879714996	10.842510264400133	16.047878678205173	25.31747657793171	16.144010062083794	8.792528422440853	25.060834605399464	8.34607270806943	15.77438428308087	23.468566714614035	26.20253509631251	26.158536440566763	26.420571703769586	26.536677514959592	12.569092691599126	13.742344385353096	27.599990769517884	22.754269303954214	22.875186598198383	25.919254828893926	6.584367995362076	6.279201967898928	6.020942868336387	28.853551789273233	15.983959564532388	2.627600093003224	6.613678920196311	0.3248737318564341	1.2203418853028662	0.9084220535322262	0.5665577097161177	15.041867948311278	0.27047729224663203	0.3307050937486077	0.20713340794496243	0.11290312739584929	0.3672997680211791	0.2979801504909959	0.08320882701723376	0.4083998004908081	0.5443219830215784	0.49491315751228615	1.0048062739663244	1.0581851520870804	0.7076573233371994	0.6975337860728185	0.3283318354308423	0.7683134856544526	0.6049373803781646	0.42485810126941315	0.6599560680894513	0.4218803504268407	0.19895300373017658	0.14205888305894243	0.48240521580075924	0.20329159564742522	0.2281392212995066	0.4685584528580778	0.38265117788281167	0.5380908470167122	0.44268922862327104	0.17896574394794826	0.35955346342827776	0.33767996829322994	0.10234118060535911	0.1505137742049176	0.36605557269426203	0.23770866959455078	0.4262365467241281	0.5991370490873238	0.30787377575838504	0.3844955953841655	0.29496832767769754	0.07704975376926439	0.5744069973294661	0.4406197099529839	0.6755276830771008	0.07592508535063792	0.20980796548117764	0.48096116584623294	0.18746570364688458	0.5478643853874364	0.6846388081268672	0.25456249378068707	0.42606149186133135	0.153944382471976	0.17133455888414656	0.23992028533633683	0.27710846269415884	0.5101208818259672	0.32920098599199404	0.6434839720951532	0.5866115162963782	0.08484305295039568	0.3754032834384498	0.15043005501056655	0.4594255303629931	0.4766438830205526	0.21382988151630533	0.36798042631776745	0.23787104681051321
0	18.009590221294296	18.042991012400737	16.77678128544558	12.21768248514528	16.532350954506096	17.24759698590398	16.07990393519336	16.205514708022204	16.61825996681998	10.909321551770832	15.028066303297196	15.205167061855985	15.714386419864372	14.90670111010975	16.148786324227174	16.35000095214227	25.065098238891572	15.109347189408155	1.4053308805135791	0.4785704573757227	0.896987962513103	0.6657002799882659	0.7321699755062401	0.47416666663694695	0.6348067180602448	0.4302593379264448	0.5518911660170837	0.3671212845891461	0.4766493730373225	0.34847676139725825	0.3013360376694019	0.3205046119034932	0.4884492362647956	0.5080061474821562	0.41273754583048894	0.366993404568893	0.36616000860329073	0.34823585926948664	0.4299298204789921	0.26410225753279265	0.554760716678912	0.3775596562670851	0.5312027003607481	0.2852827253897916	0.2601960834051141	0.25262496885946656	0.09935369941656438	0.5239759506057533	0.37577959867454236	0.2558358276161778	1.7325918910947016	0.5292662821616383	0.9561429075124619	1.0963228384227521	0.08758754996739201	0.7957883106135677	0.5329486711872534	0.7615626233724866	0.2952164047741286	0.71062141024456	0.5374501504877498	0.6757634248835144	0.5902648701957871	0.3430967101041999	0.4489680200436797	0.48571621754092553	0.5104981466674043	0.6143667889513066	0.5213935782050246	0.2186930805971978	0.4666766340111708	0.3758211706622657	0.4170909753809023	0.661456274939906	0.06163170317997733	0.5471430756182705	0.4399825566194982	0.5393782531149325	0.24000433826719417	0.37952048702403285	0.31658169143001447	0.24007327102287013	0.28952953338472726	0.3034242556967241	0.41827634672296815	0.05418787508775124	0.27935756077178475	0.4923810268082107	0.12165039338663636	0.5140195731565368	0.5090319967580118	0.31789348471752166	0.048163930711847186	0.11660911550526293	0.10038574424849354	0.352904195879969	0.19305734236794891	0.1810296574997559	0.25475388536906723	0.30528338992378007	0.2766216021716408	0.2120383752712425	0.16874193960506728	0.3306594918616878	0.18819018523221254	0.15667162510343635	0.2544006251103569	0.5727475092879633	0.32222937881779395
0	15.512541375037685	14.981189523084513	11.324302124222436	11.642046068038114	15.746249814944203	15.915609782817429	16.11375467282213	14.011866884636033	9.838479445593139	16.316070932247165	9.585826982468724	9.605716212274443	27.069737148738657	8.617027163458225	0.6202176875744676	0.20817654839061372	0.09503843388412091	0.5011387098863479	0.5160447107864685	0.5611102173676171	0.19227714445496547	0.4791718411391488	0.26213920027453474	0.6461965801415724	0.6501280178953076	0.5090651718462149	0.4598102247255494	0.3893526182614572	0.4962088221892825	0.2515977575090261	0.11154086817679974	0.3430265529592163	0.1515186385134945	0.4668376835311634	0.4634660500514478	0.576905001281511	0.27065321945882914	0.39492525497633324	0.36667680227524085	0.41419742911276314	0.38704859186079205	0.38300577050266926	0.07759828099427389	0.15574391085039707	0.3947466036359735	0.4626130534976348	0.7048437878760223	0.4550792612619926	0.8021061931289293	0.6522927053331765	0.0317167850488358	0.5397091535498938	0.15504880063180626	0.47794528796377134	0.6439869109927003	0.6391955702338679	0.47298261240114964	0.3017269996806083	0.1876870024259434	0.37897681488898655	0.3555404031842148	0.49116927109835273	0.6424936673069965	0.45211490122848663	0.47718610792721117	0.4132788699371175	0.7212546903300834	0.21374011977581514	0.2643230977581607	0.33214368718228393	0.2563612121279549	0.33652049032356623	0.7044456899236429	0.4754379437381694	0.5626887563684739	0.24938804302177003	0.6825657769193638	0.8622260148056508	0.42015414668057627	0.40284225202738216	0.31249593407498183	0.08244208077896861	0.20734843361085328	0.3015979965010976	0.4432412946689537	0.32413730239060806	0.2547174803860763	0.21248889005243257	0.32367501366762547	0.34403258077600457	0.1967136515477186	0.3157248686748778	0.49835348909313715	0.2831989107619341	0.41905659778937826	0.34286979965401226	0.3269623499000043	0.2332861121788692	0.1185295263727071	0.25381176979515696	0.2897031422362704	0.10581212334698045	0.3122862455765565	0.2263540834892256	0.2658076792109409	0.4466821807901617	0.11717831914135746	0.17344198904444363	0.5792333436779665
0	15.661538858675014	14.115384201596134	13.993015945486023	14.197026710105476	25.425964813595503	14.295427641699824	22.129076874346786	18.580808746817638	10.713159360181901	16.754228963868506	20.125771491674215	8.584421988270625	15.472265779885646	0.79478488039007	16.90328177789008	8.489573809041627	5.223448502652595	5.440516863653404	16.902969354900176	16.17282758027213	18.57717119565396	9.580218608183172	10.431517469771123	10.482001276937785	10.408141007295537	10.287335059213323	16.5490747832108	16.398350659773595	18.36617339753295	16.236873658650314	9.839015308316608	10.150533030724494	24.037484511781745	5.757572648615386	9.307636374204202	9.707526927911367	9.999841634360033	9.683531430387102	13.160391915346263	3.1555359233539013	8.449542496755853	12.110802508616128	2.3273729495838906	1.6829115243246962	1.851377972700417	2.1998965467648897	10.179786219417755	0.654924779539869	2.0220774640173658	2.2545292791357605	0.5815715725591658	0.5349826468799947	0.38839260867932085	0.5265651958308794	0.42481165400454174	0.8576261075710879	0.5759871058529312	0.7293606230562941	0.6546015719571525	0.3318556783177959	0.41254192163369824	0.5710875606117923	0.5426815759622627	0.10330452680578456	0.24769390817339434	0.4787202747527059	0.28610520546407336	0.3164626875427645	0.07151100923113428	0.12188127918732065	0.4727880680297801	0.4052168359062472	0.18002576439866494	0.34436818865680346	0.38722050889981036	0.430127419725884	0.7649694987572344	0.5263713457328871	0.19825866441157167	0.6425619141351083	0.2916156928092811	0.4272798811398305	0.5521363696308701	0.1007071849179792	0.318601665548035	0.10957977157655302	0.2559267687502962	0.18182898993799537	0.2598498490118715	0.6362486492072694	0.13416626430939402	0.29121395739468003	0.5383534255290958	0.15049893449405605	0.31777166661351985	0.4247947578873752	0.2930480353934817	0.45727219843594896	0.3638266183448372	0.22925848540145669	0.23559275669107865	0.22206074923054347	0.20680213034180758	0.254962484340345	0.029268581210031685	0.39191934719011035	0.2572298521349897	0.04850597785415424	0.2952029424888858
0	14.983357257966508	17.651387570101612	16.001762324655257	26.649428191970205	13.176769703106352	21.179598251145602	17.68219507206112	8.081935103829048	8.03035666752272	7.699427426139336	7.875617829568437	25.544806022333432	14.969910449274622	15.332597667182018	8.287480357905475	1.7090103295178682	2.38627994868809	7.920606970500793	1.022349187684686	0.9532004172687343	0.27732065479617424	0.7224662855850922	0.9711893214451848	0.7987925268615015	25.68631338009712	1.0568596179660026	0.9562294068549901	1.0447227622251765	0.18043445610007466	0.12958851159297216	0.33840796015567726	0.44661500039801144	0.5267206069418623	0.24500343077688472	0.38880967868117466	0.6964702354512017	0.3563223841823294	0.5196448771229644	0.08871844904127565	0.44478249485330246	0.20434204283298896	0.4523352426718715	0.486852297436053	0.6557147647453395	0.30725388812120913	0.6203550244144206	0.5525343243331821	0.4606133176996569	0.6998462576735857	0.43438282699705666	0.42345945403077767	0.1506499220135562	0.4529350544854429	0.33865221298869286	0.15973703761172894	0.49765038041196336	0.13701726991085214	0.5211346810039583	0.17674336241585933	0.2779017845747334	0.3757710021295555	0.629201632113863	0.5873122842027909	0.4320543835586444	0.5644971737742424	0.4668507207326124	0.6519024138934477	0.44301485211868624	0.2469308130033824	0.5925962811149948	0.49803163314776744	0.21565776317071303	0.2888809784071931	0.6252747176037892	0.23134177496610303	0.3083198946556402	0.23864188669434766	0.2977322801688065	0.3269644624381799	0.683191843038849	0.6241852447353002	0.09014166720426213	0.25158705080139393	0.38438067518299407	0.23626836677069624	0.24953261693214485	0.27987190565349623	0.6012983527285952	0.6832089725208627	0.45108238316980354	0.5115853702166623	0.45412453881778747	0.3565784373347107	0.519386676123527	0.5440279676862708	0.37114966896994595	0.06662553888264056	0.1940459341205208	0.19795019612251236	0.316433946572822	0.22949587116764525	0.4004246407418927	0.18010734146733628	0.3669051489353099	0.34259869894026734	0.20998677909454844	0.36379374813420884	0.21798595135878174	0.5654136137261562
0	19.23896304489777	18.04005626210233	18.253212556193592	15.5703570180947	19.328667356010552	19.213894003360373	19.021016675760222	25.32271822433114	18.906713377100438	18.712649063884918	27.339995746099206	25.38008890927561	15.123022487569424	27.693199241618824	17.81431058407593	21.321836209859534	14.45101501994123	26.68386004674821	17.239986692869486	16.91346987062451	13.070815868515677	16.758313679613114	20.115950943671	10.917005648550399	16.0582679913082	16.529209813090947	28.821273990852138	20.721220648700506	1.4889610716457604	10.302633405125432	1.459388478969111	1.274407906672343	1.2257046037219004	9.227018723359933	13.991172701747201	10.670933829952094	2.887856289236195	7.975320610758972	0.2964747786767545	1.4028953990933453	0.7876635781093351	0.8275999226873959	0.5191143159208373	0.4441608189204322	0.3116634690582891	0.13607690379655338	0.5406917167850779	0.3032774338817715	0.5547210981744227	0.42163099087612893	0.2457221942455064	0.8696579809035754	0.7739847521010749	0.46719467159598627	0.5759556461669382	0.5276392959399142	0.7505266810963472	0.7771524645647148	0.5220746043870569	0.19884378646376938	0.8194653448445981	0.5809525409123578	0.4089784697483249	0.6642468374594687	0.246631919816864	0.5710944643760837	0.08150380092937069	0.42260576741006634	0.4378363522603612	0.384917068492731	0.2716429289594973	0.34393062200928676	0.4821550201484972	0.2528821975352514	0.23493814203742108	0.27178916805227316	0.462856026281892	0.108642662731193	0.4117975627626303	0.5071962844908412	0.2913050189256107	0.6608771716352534	0.17718025777252436	0.3204649157608501	0.47919351020604245	0.6941439495356452	0.13012713195595307	0.22960899491027756	0.29579765874539804	0.39460824469941064	0.8766834178026428	0.14504041231418366	0.1710034712084385	0.2161399598869245	0.3060013629404738	0.22322194297314166	0.4596472249813458	0.27720966298311	0.17086750939692547	0.31853266075424963	0.21682960874245	0.2558014107230912	0.4741098403526535	0.50047635115725	0.3560122564249654	0.5197510692410489	0.3837562415788058	0.45654591044092485	0.18355454422032902
0	24.36124021904372	18.72126230873629	18.785599854786813	20.730830486151714	22.306095190840484	17.694359908108016	14.787280444286482	15.002725332219466	27.597253470583368	11.986355536407343	16.29849113646308	26.964177264277357	26.834465661449634	1.3153105608105065	16.638673280667632	18.91175228082226	23.271528259473598	24.207514151527086	16.69824643184275	11.015649355548286	26.62691358912134	16.53704883325913	9.533791539036995	1.8806256805097707	6.9418705704806225	6.018919971164629	0.338795610764301	1.3235616546110336	0.6344971789614204	1.557505454845509	1.136250506236252	0.9909551106305968	2.5978246776926057	1.4448116269426556	0.9228695369338346	0.357272742937822	0.5168119227234088	0.4002164397727191	0.41555069612320533	0.43371648301043314	0.39673390944476106	0.5208773308270663	0.5823836468572771	0.8801237529824931	0.9232355867167781	0.39903943176710766	0.40917123937952954	0.5313748866669574	0.8437875938962135	0.5859342255515521	0.8175124431117214	0.26638651884299414	0.2103466100717728	0.8377511870912466	0.4411178149261844	0.3275943523825003	0.652737724216858	0.22120658375036836	0.4608773737263005	0.4667921703623299	0.3968012838663274	0.2740525338812001	0.4579186129973638	0.2845276754722871	0.5096145544398923	0.23133972653867987	0.1423812623087325	0.4280963349164446	0.2015527557111238	0.2424772474365484	0.15692194320606054	0.41799369926499663	0.37098350491630705	0.507923222513727	0.5348710939973486	0.4450882645299991	0.2262875780237405	0.23509435622541755	0.20944435782992316	0.3342344186217792	0.13992770473727423	0.1957814641741197	0.49694787254855227	0.327478476744298	0.513337377918874	0.6527513619302368	0.2718556939884978	0.23368369930889402	0.31091971827818593	0.3987588913987124	0.3414443641361949	0.3791384466956852	0.44782641000563156	0.3251786334308222	0.14325229012395432	0.4233391667081078	0.1586997738362363	0.3209334697027669	0.25700507016768515	0.13765583917341226	0.1165709239941795	0.1940410003867895	0.07527853491395808	0.40277541878451634	0.25615832950223155	0.3325760784891379	0.31496277853366095	0.3016884722813903	0.348996761692957
0	19.104268076331607	13.998311372055452	17.511097045447237	18.61957521345752	17.264916599827085	18.59138967931253	19.34717060708031	10.33514507679509	25.956466169105312	9.346279005933242	16.269681388920258	16.35625621847206	16.590406138610597	16.44133550411243	12.451297757103706	3.4657736812681152	16.181097556393794	4.490370920818053	12.44862079273669	4.448182697979881	8.314329723214895	5.671170808958933	1.2148133602044986	0.6799983612714203	0.19949838041791526	0.16268894934499128	0.30080502053731945	0.3118535496796475	0.4257139948142184	0.3548966110448407	0.17126177899385955	0.7035861623734416	0.4323927482985363	0.34295267471436264	0.5262843841670222	0.31469354112201414	0.31726706558152223	0.13129754236192295	0.4540351511028061	0.5063998028483967	0.2767197460331205	0.3693822787504371	0.5345762233568577	0.19586971947298154	0.8985907795281947	0.1904273528319944	0.5935873456326364	0.7593174985113205	0.496438430824083	0.5707436068851373	7.819209316588996	1.7856997031551238	2.1504402577914985	0.781820155188197	0.7560073422303051	0.4541155585118409	0.7171698939845969	0.8465939794176689	0.21220807255546253	0.4086448416993593	0.20065816242371481	0.639848349380599	0.47054304055700436	0.4104174327603568	0.09841067254937483	0.18602012986305097	0.9475731717084299	0.8347401235045313	0.25866120730730724	0.6118441419538889	0.24340025869531381	0.2700250808328465	0.798476387980577	0.6768837398139588	0.4524973303051968	0.15625676853710152	0.4966341101838194	0.05430252183536801	0.3819466977987402	0.35535941077815497	0.1837093226223973	0.31629012135188767	0.23804017152457677	0.2598455527179145	0.6308577647383332	0.4545015560504	0.5221246640128049	0.1747398667703585	0.5053649987760747	0.18349324385546711	0.48340688018637895	0.2402191903468929	0.4585184255237539	0.2139715793020988	0.35372715501212587	0.1839379519948587	0.2765605276632495	0.3106416958471044	0.26349251792416406	0.19830567209818195	0.2831595142281077	0.15757264234977825	0.06202536380126973	0.10714036447260561	0.15702047196537622	0.3183753060347624	0.34310667314824445	0.526783356255541	0.26780832178412645
0	12.358144524122423	12.592300384756548	11.287920187760912	12.348461318541657	12.371594758394755	12.351963079186275	12.716048915951195	16.09408011653357	14.34512587387195	15.829831091608158	17.03683367714843	21.23392484587801	16.05742903775082	25.84875427512222	0.830301523102874	12.863072800535125	14.363271288793214	14.323392295868047	11.181944214909095	7.842304543519144	3.888854452182422	3.623406815560486	1.2603674268384952	0.8665518688533993	6.063793192095282	0.49527491932265066	0.8621126317261675	1.1071801888937922	0.9732059333365297	0.12010364091407512	0.507684202434512	0.3448987668654649	0.23395573835059932	0.34195134436549796	0.1787960519818505	0.3470039940003993	0.6193550639169284	0.445230683941094	0.16908678455920284	0.4350883987788578	0.09025886638630283	0.3251917037994122	0.3308961742674247	0.1862658660156545	0.22986126445851926	0.25218989682856735	0.5295440771131379	0.7334945806777355	0.617980836663319	0.45109032816387123	0.5479294141750811	0.8280457506097921	0.38664327895819756	0.8679673800617062	0.4298269341815495	0.49186488972226466	0.31622179841885145	0.15622705311527374	0.7237023805336573	0.27759660464833685	0.2139753899485696	0.5877031340164697	0.380177012978124	0.5049476930576179	0.38572983166948605	0.6120051731166066	0.31606478798791526	0.45358383627574017	0.45746444400465314	0.2636331270648971	0.2731484290289056	0.265596557436793	0.34010541585621923	0.3205070429486382	0.532183653180759	0.7237673925770798	0.2253684177896041	0.38885059010713385	0.7076811960449623	0.08332487121429637	0.498630968476656	0.14405934546229365	0.19768673910902654	0.3121574062547082	0.1665863642531839	0.6501677147771489	0.49653048864383603	0.2691386692519929	0.5026145610020826	0.6986603581842236	0.07100986851109307	0.30658521605274713	0.3460848697239571	0.2577780635592642	0.3562266091669932	0.35027046884680074	0.42084565820260345	0.4280499287997701	0.31757566366207296	0.15591856328259499	0.4979816345048493	0.3856327346203631	0.3802049463293299	0.3102374202813698	0.5340579504018859	0.13065715835715183	0.09502973184825242	0.572363461753059	0.28252693978661414
0	18.434439789328273	27.879080341128006	14.927731876535951	12.228416326492189	15.569268244739126	15.538076490331251	15.702481835792524	15.805070364013641	15.354143392824987	16.005354663910875	16.12332014665619	14.892992204956503	15.831239169318067	16.245591747350776	22.499110652938672	16.2490600627095	16.344078419928476	10.554496357599433	5.000850721246542	10.615345557108109	10.24699657042142	16.203827539856242	1.6602057540762962	10.171293846120342	16.71392650411824	10.331088069030343	0.878203720658002	7.847703758181435	0.8999194529837097	0.6538945409509193	0.4192748892599872	0.45674901524131767	0.3892837482926306	0.4145519998813643	0.37907945076713745	0.1928110004444418	0.29744149104123335	0.6946950124506767	0.5573663873249003	0.38146663462910085	0.3277821105458174	0.10780781147652127	0.1818517296789196	0.08655024411058664	0.2841469140909756	0.20428225254678387	0.38639105748593644	0.583677140890816	0.4022107981356155	0.48800192367348466	2.2063937515594936	0.3747761908090382	1.1425648265692339	0.5785760971176565	0.5292972392550916	0.36007046712584334	0.5749813877236627	0.5429595200162367	0.5122107505541789	0.43637543950236163	0.39387868833540945	0.15900064558930807	0.5181380592727649	0.6526022682560589	0.5488836955261746	0.3533002959710569	0.43680294431450506	0.38914373880347075	0.3457329472981878	0.30302285214374874	0.4444884952493984	0.9578483735319533	0.38546021125126023	0.38002061658296815	0.7605759017528801	0.6484086444268147	0.5920421595405158	0.17227637071682583	0.44917045549720636	0.2740495581090852	0.3859069600129349	0.31380565256586945	0.08124381671188145	0.8499021169333013	0.1900600949810948	0.2896299987946079	0.5501809272592483	0.358541529521885	0.18178618635178176	0.159373406469958	0.23452601679058904	0.42071809684923445	0.5079016203583823	0.30048336617142596	0.25700438532814834	0.8725515304317801	0.24389262573794473	0.4959390767655113	1.0099628171540556	0.19876880992279097	0.10672988034794406	0.25892973049444656	0.11877101265163613	0.11529810559445541	0.17987672416255548	0.2895388462261748	0.1754540948905032	0.49859770425859545	0.17878010662797794
0	16.456533614673415	16.200760693922756	15.913476551345122	15.587927144137813	15.635530178914456	16.20749542979567	16.100816175511593	16.015117557607805	15.999737322375593	16.017542978105503	16.100244914402715	16.70508556540623	15.4030411462192	16.590130643478208	3.550066555953013	29.2401737110747	18.4649477309875	2.6102893451167835	4.567279507195565	0.9262731436543096	10.907196640351849	2.0319481390199	2.3289804581264844	0.7877050469179884	1.0149714978364306	0.5475420487510481	0.1225890987579918	0.9677921981407246	0.15349084068077606	0.6650868516492551	0.31595777247782125	0.6519823788673558	0.6469682894255588	0.6670132293155547	0.17812678820176436	0.21830556748538546	0.28879472692992025	0.19273451666087607	0.8237435629085195	0.22573805172234943	0.2897191968918864	0.13234076840746045	0.39495941733428613	0.42609796406927986	0.33910441440335054	0.1378717038817562	0.6847539597630244	0.2974894711609543	0.3652191334474298	0.38245851044668233	0.4363038153808318	1.7793577848888333	0.1490913101675689	1.3248699765008207	1.396006489932326	0.8587325087818102	0.76147490225719	0.6607808702795719	0.4727131722386414	0.614421087582067	0.5356111186200566	0.24322861742386742	0.2327563813138908	0.20942378125943903	0.15336883490769765	0.4117833409036043	0.18250280559504023	0.30637640937217153	0.4644363828358508	0.10197275407005661	0.29409009750862386	0.5225871396417012	0.1807967750841568	0.638486954830614	0.2641838078992343	0.3780864504178539	0.7451022999204413	0.24142204777228274	0.11143067368498809	0.6770054148827424	0.3414203077526135	0.5567300806510559	0.4787428869251552	0.1520663595479055	0.5467677765062849	0.8193167228680753	0.5699069187693098	0.31519365581722203	0.898215242332389	0.5856909463489955	0.598133241376071	0.45280197703363123	0.54059011308458	0.4315244346791951	0.1172463637100639	0.12383689350897086	0.17051946806737522	0.1891031664718924	0.3435783123321952	0.08895882440126532	0.24932724154273894	0.5315988145703827	0.2932520965111751	0.4141988922042271	0.14997685951509285	0.3369041352649081	0.21698756987718032	0.29741275568708014	0.28750835942901176
0	20.02141836771092	19.062141060207185	13.013600048095862	20.109277584174247	18.773920480543328	19.302746902388062	18.643308688581975	9.589322970214445	15.995029783112798	14.823607892188987	15.833488913503928	24.1109107089533	28.682737246967978	21.34898292713381	14.301835338624786	29.368001282775033	26.02695278758199	25.44629668782499	4.455028615097588	25.70530935409553	7.44227951161982	7.516792532511076	5.32555956256885	5.904120408664012	16.913811747956895	26.344678869743248	0.8141570819669617	11.835537277253689	26.90944298215622	5.622673091661088	26.15828766439569	1.7858017893081783	12.072932727481668	10.15038778960353	25.207658874317744	2.2201932725509166	1.11605468598143	0.5340854677717197	0.6698219479097108	0.6062372068523166	0.5513764320411239	0.14068084784199048	0.10291432743927878	0.12909599868992466	0.5117177613350804	0.2898513441607145	0.4940113860934073	0.5994249021877291	0.4254228679032448	0.32374278720300215	0.8778474401187284	0.37567957598985274	0.20270287769318196	0.49616436643916095	0.3856705510524425	0.6240407660156729	0.3916412082896404	0.28624841373358684	0.38932397478336417	0.4602040606854479	0.3612121770997142	0.5023319368862301	0.40393154715358154	0.5362776270629991	0.3451834652607435	0.3543294414070526	0.44408651063594007	0.22751746215959373	0.5422848101603268	0.20015521879296652	0.3814445746671239	0.6307709584152651	0.5893808320958994	0.6446782981663324	0.09393938562171605	0.5043017929453925	0.6190963771728284	0.33660205654134573	0.8983847179252684	0.4841404593889137	0.44880118414237846	0.2178327909741426	0.2936528264002014	0.5759689135984755	0.4245770145527758	0.4075433977953116	0.18106093381302066	0.34640845155574074	0.3659073859030508	0.29302370484701823	0.289075762185043	0.5130414619206976	0.1909481516805236	0.3206971308656162	0.28788097936178086	0.5563294060973456	0.2545226113053849	0.28338266510289095	0.3073051877074537	0.39247201095847867	0.5000706899355488	0.38635479265568806	0.27577238582243363	0.4327495723536002	0.37251094781596367	0.5559180444630898	0.08810807775544151	0.3539112666797926	0.3322948884055519
0	15.825895533122836	15.359802009091421	16.246468821023605	15.158133515199387	16.17176186471267	15.689876384111397	15.649905098185044	15.150543625561701	15.878707184130759	26.922670003361482	24.220106358486383	10.505807984270513	17.260682048280742	25.269982014584304	15.094526967022086	26.55774184373226	14.314553268942099	14.98490352902731	14.242424775185173	16.900726265972803	14.518129743895756	14.425446369162735	16.621527742472058	13.94161310830731	4.253002070059664	18.725790230435596	12.999538800657865	15.882068548118333	9.507240725515473	8.413773222179138	10.154803818076594	14.176613541787908	6.501957807756619	10.372112633451056	10.426130364915675	10.904880923736886	1.654228411013245	12.541096210295239	12.128948139393563	2.437828764750268	1.8314573953736775	0.8449616434255693	0.6849115105849359	0.409495835637478	0.6972682441927814	0.4761564640241113	0.10252742446579441	1.1045304958235718	0.7571598668815297	0.6628086955717604	2.204129907612582	0.7340389902252031	0.5429344667460615	0.4602126805516053	0.5603072954746362	0.445087627209962	0.23604979295855635	0.23862091811328484	0.2782277932969272	0.47843576856622844	0.47523386437502185	0.45907305506523455	0.5703974444725027	0.32369381411022324	0.26813971716449925	0.43201418280723525	0.30594632320870907	0.4654215840728501	0.1539113565987659	0.2852719876466417	0.16529584894264437	0.6637713372117839	0.6625660177552211	0.23616029749158363	0.7361259367053968	0.28770300827969547	0.15470510586393202	0.3701362056991387	0.11054012853593959	0.19910946111630068	0.5771919083848058	0.3852186616339502	0.06957019928508926	0.2938208136133874	0.3584549791709098	0.18295409215454833	0.5690561654290819	0.28270533801312014	0.3450202553542243	0.28159015438838103	0.2739632524523511	0.4519904519936323	0.27573912166516135	0.3046284009342147	0.19374314479370328	0.10118277584281635	0.15767087501729465	0.20242772856405225	0.21448234526530804	0.15180107821933186	0.23649380776496864	0.36161505203429384	0.2723499623178525	0.15411360099478313	0.1748928516216924	0.3334998211638861	0.3095268673365002	0.5277230958860083	0.3671813649120083
0	12.358986504148863	15.7131753341943	14.209611945077443	17.54323065276942	26.884278661846334	19.072212456662793	20.6487469819475	16.701564375799663	15.91475945035015	16.41285951894716	14.447989766233096	15.934103877732715	10.132336020920953	27.045151456516212	14.511878906035323	10.010934045110622	17.04125807078734	15.069099669582402	10.747889609967254	16.074528873416217	12.983348770764355	16.61453441440402	16.247941717307647	16.593613105511896	12.824546518336742	25.35753800208293	15.156668901439087	26.39250787024272	10.818489380873405	14.173853147419923	11.142466129969096	24.9042272190718	25.093591939567975	16.13067618908193	25.111907330326854	25.596975044007998	24.770296558576923	25.11000343784923	13.318241060806105	28.261260331175485	24.610533111977073	17.254630640731524	23.255348154447503	16.206086964375512	16.08978533077178	16.21371169038593	16.293620802816058	6.123738891964785	16.090505905344756	5.856514248489362	1.4464664761687942	1.0180728228749536	1.5638707675802408	1.6786419833501691	3.101262356154338	2.0353348343102042	1.1976790204466188	0.5296737940191821	1.8236139200904555	0.7607725111408985	0.4564816130338216	0.4220404962367713	0.9147127098080446	0.38765487646862573	0.4954030021568438	0.6220998051002811	0.13202081393840445	0.139865524327584	0.6577321840945135	0.3515325306743432	0.0993928597994039	0.2056480412302549	0.32846545727114884	0.22464614868627703	0.48052104432609455	0.36036638659131487	0.23424155898188412	0.5049167764760407	0.38428249100316436	0.3332869903945469	0.5590153299434057	0.17484796466557812	0.26475063746493943	0.3309833348155142	0.17512641457233463	0.29603392201803286	0.6149257752259503	0.5055754474281665	0.3749547600838198	0.09568018281826776	0.18268133767109881	0.2560144104526518	0.5062342441721813	0.4918337778471129	0.0637157893989542	0.6934347648118477	0.39435356157161566	0.2084010608624375	0.3209341702750463	0.20527480923016672	0.1897960425959564	0.4863290036338788	0.6207223170838209	0.4900951996012268	0.15301219262618113	0.25846116900048005	0.24291569029782414	0.32018461212878335	0.08106331345032386
0	11.487583929364881	23.180361711802124	11.434117369842633	15.413634501588785	26.25671407366638	15.644670890921706	15.366608089026863	15.526436567130514	13.928488439953275	13.758975278606409	14.085679143787313	14.359036969337172	10.820150439265735	13.553815528487597	14.387675861012433	9.298275502629945	28.289233197798207	29.29439618557947	1.117316886161379	25.79421796947038	22.543923658654837	1.4627308696892158	12.944834364089381	6.269740713121366	1.976152803418348	1.9002079402705587	1.6706803064668077	2.151176937584553	25.422588989300998	0.2609310873400671	0.6063356919910163	0.3563559194723543	0.313480809249711	0.5369209622258894	0.25676555988248745	0.2046196267574786	0.5567740899483341	0.4785246060684777	0.4505004181120265	0.38575722981271066	0.2113716271819872	0.47752813318854737	0.2130538453805977	0.4945803438160585	0.818273012366863	0.30547517959180565	0.1738796815896676	0.5373729322561263	0.48517660875638374	0.5592947231572208	0.3241582472244183	0.7498118587150652	0.5391923180157826	0.33092253992682974	0.3802332874285055	0.40665146023548354	0.2308023410909965	0.5009782650241867	0.07127025931040833	0.7606664739091278	0.45495288079376806	0.22942771394071163	0.4564296232018882	0.45196528611399744	0.511863022118521	0.38538492082170794	0.18670532577340393	0.7005445766965785	0.39204752645867585	0.5169709333318085	0.8078771793294526	0.5470207425226021	0.4886925563317945	0.27022182276986134	0.44577486283624723	0.5951899212562219	0.26370852630923847	0.3459627934252617	0.4281058878891161	0.14400296832263426	0.6318140287779241	0.842760113161141	0.4500422079664215	0.5250223764714751	0.3906671733932059	0.374717908450984	0.8829130558800523	0.5345967582321041	0.7708904654234803	0.4961171175435357	0.44759942118255264	0.38941468844881405	0.34009303285820286	0.17013403607306138	0.36249400293613304	0.5172908488429442	0.2683311646596568	0.27569911534874225	0.4486297036090483	0.5691585421635501	0.29366846884729797	0.6077663897436028	0.25761292303217037	0.05035274674632395	0.23906680739189534	0.42202929987344406	0.5180461704079096	0.10480979797418236	0.1174845747239192
0	18.520254644128542	18.846191093522183	12.813367092721021	14.980786883799242	18.10484764747786	27.82337697255639	26.07398139639974	9.325490559664596	9.47304725602689	15.725689698439917	12.73299780629002	25.368874708961634	11.452246624832718	16.006952037525327	18.233535284627788	25.735352113109524	13.246247929675171	26.960184557787606	2.0194828216752008	10.384457672259956	12.544730366982163	16.465764471305203	16.173045298423883	4.0087936857052195	3.5590862888238814	7.280245413135937	4.262623164374392	3.926680603082876	2.1379488357853496	0.7396116942764813	0.41679736637949305	0.3718064361788292	0.6472124405437526	0.611031262245237	0.6030185368964078	0.23993770177486903	0.5631685077058617	0.3349493060238234	0.31206657783826114	0.42311497753921024	0.4331295407044508	0.36594673518345217	0.48991141990781645	0.39493830344724995	0.4450874005890535	0.4740606356085546	0.3477068729970116	0.11236513762314405	0.3910321413603163	0.5298826644127966	0.6696953392155428	0.8698745578413596	0.4350077925504633	0.30412417509461964	0.4560551037463763	0.08917916636400691	0.485196689138689	0.3812554672426977	0.279712248108616	0.47827237732013095	0.5409328562369027	0.08545935146451678	0.26367842294754856	0.39234319317249017	0.40602302237723886	0.40157718039926144	0.46777258954867906	0.7292822235493234	0.1216662292434866	0.5397959112257348	0.4427892084605383	0.2505845378991708	0.5735839111074016	0.31061556861632045	0.488028791848267	0.33767353134779515	0.39252379338462445	0.17670452913375476	0.3319634428670777	0.1435630259989544	0.3534676932320772	0.31649461802308	0.39032405917982826	0.3371184139360979	0.188778466749028	0.2835462659084201	0.7232741037472217	0.3038869580768635	0.09422412415221072	0.3180449827388348	0.2565818402702181	0.5782570373120661	0.23499111613553217	0.4374661548933174	0.1813625572312318	0.1130786142835221	0.05217743489782187	0.18741492724833883	0.20430691610850238	0.08803274754135598	0.27712540897539234	0.2655564557532365	0.34754695632588667	0.43767762110883784	0.3926962449300943	0.4890990644467882	0.23216033958761104	0.45093530062507564	0.18218796346229876
0	14.840446708347853	21.642927195382896	15.006409991591468	20.48451690797676	25.118253420810994	25.07628587780167	10.99999221019574	20.576469509879306	11.676021994524207	17.881931432218032	24.12083509881864	25.40139261499545	26.419751336987467	27.288422501954713	17.31611961192327	18.915517780691914	24.178395291857914	22.182813021637287	22.172792236495443	25.636026156133525	13.65456123299069	13.45646822329079	15.750084335503278	16.244283841320602	14.008831938735224	1.8210721076772578	13.58949989120116	2.115993591520377	4.252314009064249	24.097136903708282	16.435044466774126	12.034373854751573	16.465117617754604	16.283850813353517	11.691924796183914	9.568715380413003	11.06702612065357	8.638480805463377	3.1726619523773074	7.994902703349546	18.359168801978257	12.627631426301681	9.065254103149341	9.892650230267174	1.1374118766965406	2.2992779223714557	4.364273100599464	1.7123333341640483	0.7622067545169553	0.2086914060692462	1.2408794842050122	1.1575629646083316	0.053135327561448197	0.5595373679300758	0.3151345899410733	0.5226276955202891	0.2312238540048388	0.5127337889373162	0.4593084058061068	0.5403941414401895	0.33922923886416073	0.626708778423765	0.06276399036742546	0.13312108404033915	0.37566298710281376	0.34092379515728216	0.6091164969335022	0.44628106203485235	0.41540943859358886	0.08142576404346934	0.5426475370547066	0.3538159156684198	0.6310669404364354	0.5923288666794388	0.5787019625453026	0.4872089793443769	0.11894226398680077	0.5984522693883155	0.4666044691970294	0.2723281945295246	0.43608450925309156	0.08314514716761919	0.38297896943942306	0.4676226080766633	0.30773720351553213	0.5391750888244718	0.14594618797956221	0.19749883324266226	0.4003714446831046	0.3211221490074224	0.0952515413367797	0.12664964091579523	0.41449637077541357	0.14173056395863026	0.26682025576025237	0.20091343869141878	0.23513654813015558	0.5231653993864555	0.1631138038306689	0.14087522246143436	0.30387279041257914	0.26545318565089926	0.06920169805958232	0.04806764941381496	0.33672353621544976	0.1565024145148303	0.18875761282800926	0.21878279023870723	0.42655433270227744
0	19.8635698340004	19.847730296318048	26.524891219388728	17.480788039775838	17.356596077723875	21.332801907870813	17.63939670083754	15.416083149705392	25.310650928260152	25.095544600403386	17.774393353324296	19.665234115261867	16.405456763609024	26.041263603599074	13.683343684720406	11.70502968010407	24.967664367051135	31.83477463772855	28.33355980702986	16.089328893948412	16.380913548476936	10.45328136073782	6.496516393950857	6.512268124868846	24.398238878962847	4.748014145386677	3.29444030124122	6.021481235409425	0.8244902561319669	0.6691393407532863	1.216829630399597	0.37899868774663503	0.27089660377301744	0.1832142349196778	0.19707423121504455	0.32554726049853283	0.055869061939142727	0.6426419494833365	0.26608248079142205	0.07270769461070345	0.6721678306482178	0.20899408408332204	0.06723140141287871	0.5615349405358423	0.5104089422742134	0.4887397464841489	0.21283053976742186	0.7130363485717934	0.3102090912739234	0.38728966775359064	0.6757202891971503	1.5410623313448464	0.41012902594862777	0.8188188956164179	0.7802958032603131	0.6946108656829407	0.6799002417737943	0.7790204358980007	0.1615445072775409	0.3565076687592805	0.5028518534749737	0.12616163811852052	0.6349815162480255	0.580214595103819	0.5582464995295259	0.43496073940207736	0.4097495658912461	0.3288997154956207	0.5026437898796808	0.363298652605583	0.4597117196906272	0.10315466175006731	0.3716337044971311	0.37155661999981804	0.3106108986416123	0.1920071573542892	0.45579639365223235	0.40322308745347696	0.5210736806224857	0.46229856905980393	0.31584074247948213	0.07474298134979256	0.4989307911319491	0.27849829480111443	0.2110241502001754	0.2032962138967463	0.15149638454850808	0.4670189550849562	0.2526383087416276	0.34383249239800795	0.275293973131904	0.26108188903488233	0.11282715199200036	0.14982520149357081	0.16356598049408816	0.447810910077809	0.2339339951594995	0.19240926088794624	0.2369080016330493	0.526927820513619	0.6141525201091712	0.04849688507193511	0.14139222811430432	0.19377639654173945	0.24147086726484726	0.5436560550226073	0.1253237578195768	0.6134206597838987	0.6245803405561158
0	13.70527406485926	16.75014412262967	8.161349738561519	16.885627323775605	15.940846534610095	20.141464555157583	15.05684071130006	16.400828473884882	27.84495970345851	26.005413896021224	16.052211518794365	15.080452664673079	26.159459474258128	13.197482114826572	22.860938885805012	19.297686191234487	11.365430055744772	31.80082700528221	17.994116473618252	5.470897862511972	5.104015926313156	5.204497335362214	1.4074008801525153	0.6366251986573319	0.42376167917766483	0.5083714557070061	0.38179281473880544	0.1458255731121123	0.541036065960492	0.3023252662301245	0.27544237293185203	0.23941335258644186	0.5001682293115051	0.29289674735505966	0.702067295776749	0.2548132846954212	0.40334452939670346	0.3361822338365813	0.46983531740531836	0.46779745012307794	0.18885693487721839	0.1968548879732574	0.49567132642844247	0.3639682682455349	0.5709495186487581	0.21893002754013668	0.2449507221122312	0.3602771136767099	0.5988187456086079	0.34966877510603994	0.11921055989621636	0.2057748686398218	0.6018441212506292	0.09873782589556719	0.6223344369112134	0.28381754948485305	0.40437543327214265	0.3500477636858182	0.34284555936494904	0.486995049572774	0.5086022703154678	0.5328832114136034	0.3666596136499242	0.39554496550623147	0.46524299361857857	0.21133602474311344	0.16330109388204994	0.3674205743293819	0.2872644735404768	0.12934566914588094	0.4146206311914434	0.39946203809392233	0.7040147197233194	0.5623052696027973	0.5234258650798084	0.13551835604659876	0.38672258803894166	0.16312860012265107	0.20604345303318555	0.6212339928769771	0.380809799011769	0.4084182879403333	0.25485492869761517	0.2976866954042882	0.2325730907824041	0.5049373750194422	0.06937997357207905	0.2949705756900857	0.2193393630779602	0.2889862347064974	0.632431402051068	0.28977388787769925	0.34279528351929117	0.6013814071475606	0.5712186661658004	0.3169740431285495	0.24773030078064484	0.2777135903674663	0.12717186472402003	0.13715608124473158	0.5551683128241606	0.3676921769588579	0.4007188340304762	0.21335874295099277	0.3764481135519568	0.18553758963014402	0.3224877321540263	0.33961409936988857	0.3179870430925198
0	14.457011328803963	19.367093117033825	18.059131052241693	12.218199749447907	26.274386144985765	26.52368618379105	26.2136583002533	26.20420439596475	16.16189290239886	15.670392718767895	16.235181135985485	14.959383476487966	15.114468936906631	14.786483471170223	12.520135268662566	14.205584242252458	13.061657487778684	12.3340835071854	12.671011785629531	13.57150915320196	19.38332165331414	25.332830026825782	12.724759728043091	15.721149388636437	15.816141183548865	12.932985682428383	6.14903268024797	7.919163553468313	1.689752311522119	10.512457407353036	12.662281795523096	0.7555083254259228	0.9785012136929508	0.1997702856466014	0.2927346658402249	0.5384663712090865	0.9700968034042069	0.7552056562430776	0.8325122403562045	0.590650082792055	0.58871954172354	0.4039895297690932	0.7840029360170725	0.4044292000835054	0.5792549651222618	0.5235393171231306	0.7656489617618016	0.5994988337235675	0.17095337040479144	0.5919543047254947	0.6530172808012683	0.3914596991821658	0.44386152208380103	0.5163134409392282	0.7877610506701969	0.3742737678059983	0.5866272775894118	0.39523196762849183	0.5586428319908441	0.3792545293669766	0.2113570052807135	0.39624953979298283	0.4175463336681096	0.8078930501347931	0.305205292231901	0.27671823076604024	0.3469895867785049	0.5243515034992912	0.5164231846053843	0.9191163836343145	0.4521015793924188	0.3597267772539468	0.439546686320349	0.4118795987028629	0.4396122046359084	0.6498508708826725	0.6412876953061266	0.39419833845671204	0.2377751934863609	0.5287524065203069	0.7971594287690281	0.49668084548767805	0.7436457422336321	1.3716482735404458	0.6537073717872911	0.130364623778381	0.1625770049445137	0.19513426410316304	0.442913596801628	0.1473357300774168	0.29461382103834816	0.20071655566114302	0.31314144541417194	0.16590816235310246	0.2001126260395521	0.2172550381730149	0.31168841509300804	0.2653341223751396	0.13768627009161113	0.13592183767354812	0.4943757159431923	0.4347310387672954	0.31396190016616277	0.2339292150254679	0.4086823762826322	0.22371641428944708	0.28632346265143277	0.09637378987470213	0.38142439123227284
0	16.696008415136365	18.661508647309358	16.64627312968344	12.491468633278883	21.808175544519106	16.581215573600762	14.007681561450513	15.489341001422915	16.338979663742208	28.393011178748555	8.67961193266785	18.966767002689533	10.060831942546308	11.769303399881819	23.84558602427752	12.238802656915947	3.715960622709658	12.126960485848473	9.407612195649794	0.46795521644631527	0.6984093513253773	0.45199732288913463	0.8614885505709775	0.33257089393947653	0.41054323328845355	0.34784451574315156	0.4574271238331144	0.2237708458806105	0.04105038025361347	0.3589595178265322	0.2836062642036942	0.5210566639875711	0.3526048087563047	0.4839538028503732	0.12020313011667284	0.25465318466953957	0.42463934145077664	0.3836568308701898	0.6091485608755782	0.38809090756181525	0.3376846845025732	0.5565885722618051	0.4919359346486989	0.47979794176909313	0.858985024514616	0.6143210461217558	0.6503558132872914	0.6917092632667582	0.23119107434112465	0.2806242049144884	2.2182305330393324	1.7237319973127023	0.7305696318379857	0.9178345771709749	0.5477010166616663	0.799306352169235	0.29903948019538595	0.10126537619840084	0.4025254214074728	0.43907242944258257	0.4396196674034403	0.13517253512659425	0.47802896610199874	0.4243732716603161	0.5404861646599455	0.5199375426879391	0.4667060379526612	0.3676157616027467	0.12482662916474706	0.3165272564632094	0.16416182350345535	0.2376272389022816	0.45677844010970564	0.6007406300991663	0.5629793475679501	0.44729987256833115	0.4384591178853481	0.3509344135757575	0.4290469682530522	0.25978027179639673	0.5582739585838266	0.5764376648587921	0.44360580442459757	0.12292534543788126	0.4712081387321326	0.06973911011478581	0.6431372248599434	0.6577789519681526	0.4293196499530405	0.517075755764311	0.5595621982178595	0.1513608299493701	0.4480830850397256	0.36970285070986963	0.5519963080053283	0.07404289215551171	0.19709241700785635	0.10278785281400218	0.09849946391699191	0.08098846395622077	0.2069711416845369	0.351338427417918	0.30556598132406987	0.3895324744940399	0.48506012992295033	0.37909149977951245	0.26191702810589446	0.26588702574042433	0.1369697173585751
0	26.2348313632602	12.998987832836562	16.016174669291214	15.956614362655749	25.59561347806182	21.493035301222587	7.790075666015882	25.166234573109165	16.592714291520313	21.269674970410925	16.526519925594037	16.007931900036883	16.11368310498412	11.11653330597426	17.412033319397793	21.12679710012433	17.990345085474598	16.529457876728827	12.071476674131521	22.71033699895368	10.834133667230345	26.017255412801138	25.203779188788754	26.293048771670612	14.172493033210545	16.03466448798279	14.27434109982932	14.870950930788071	16.009456934119374	23.917376782754605	3.75526782908866	3.685268732465738	2.117997145259794	16.55507736683055	2.571968208274774	9.595422865862565	16.037887243631403	0.84399941026158	0.5359505637413374	0.33219814978703505	16.021904846540615	0.14855729933034634	0.9160046603478357	15.843242938703137	0.5743350653599122	0.38558256278539993	0.30397705072308623	0.9356236263337122	0.6963032449775592	0.5870797159503913	0.9260613677966995	0.1621900151616241	0.2685262274697391	1.0751167442008265	0.2463522173921461	0.2215317567811686	0.04034075058626891	0.4573445113611619	0.6445946240811583	0.525301386390264	0.5426006159219466	0.3153393515188463	0.22289399682248606	0.4941515135132868	0.26966462047119155	0.3692223854173127	0.6404243969436595	0.4617808817163901	0.43144929261994464	0.8032249126283084	0.4602153769910264	0.5830269723654167	0.6616661614443595	0.3386657174741533	0.46146799512626957	0.5382753718408452	0.0876331513913484	0.44097134955995027	0.4617343647465216	0.2783685969762921	0.13018015479159853	0.2609336502600212	0.7220356457895791	0.5794095451833426	0.3972563377953606	0.5423231074045624	0.13395492234740083	0.1859373734224172	0.1367921662552517	0.30595220813595325	0.38405474909924087	0.1535094211580875	0.20910149678151224	0.21007388446098732	0.18418273065699445	0.07721001030925921	0.2605089873788011	0.27083080714797103	0.4308900650057036	0.07199445817135049	0.11757836283008898	0.43446093298565697	0.19358111257121705	0.19963367393305365	0.22587323504350174	0.5823344787012449	0.3403253712769601	0.19074551839301465	0.43672846215808003
0	22.270080917340657	18.02011619187855	17.794887977270523	20.08379502164709	25.048708364614	31.814892311898724	20.503836313176837	19.705507011631987	19.507789427124685	27.079831189127667	16.781227351753785	16.94207314450018	17.052573629379623	23.61981218658414	8.905892893960914	24.491206944420878	18.862169577718426	13.997894065712039	19.08048447991042	16.5917332057063	6.027391785696543	12.489362387031	19.536734403480917	9.41085675158365	22.00745619229815	16.398558093359735	10.132604564217942	10.45965819520023	7.413130062129569	6.823615212784913	7.544060854006821	10.834928799788315	16.488063290656683	11.017123999938763	19.544076169331902	8.923607582009453	0.35595538099563623	0.4495947351341305	0.9589060740893384	0.48949120206621016	0.6531019183908215	0.49373048866819297	0.3990644541848149	0.7780947297060854	0.5624474876436742	0.372048018436809	0.6182973443427571	0.5471594902424429	0.65694390371307	0.37473292289973975	1.5937586162138504	0.41421424751040464	0.6145889208418375	0.5353065690146004	0.34075948435774056	0.09595561117935883	0.5096320199275729	0.3495874433582544	0.5345627479739795	0.39055482002028313	0.7035043851968392	0.2855683920091688	0.5328313915506766	0.07770292681718989	0.5213961110563432	0.09628219733619742	0.5369572392104319	0.7279866273394682	0.6454393040249382	0.31273451866242874	0.326714200654609	0.3425939418724955	0.3602755270000048	0.36528827363861793	0.41524400942333334	0.7045661741682681	0.23872610984011827	0.5057076895965897	0.2377880488645996	0.8187210367515358	0.26625321274112634	0.2603142160411971	0.49977023076993987	0.32701772089389336	0.21305335022472222	0.11349628474864651	0.12706720162320964	0.2997403240980758	0.5422073712343577	0.15433394038092252	0.10711096058036682	0.3580613164825674	0.4259809295754584	0.2517444326697388	0.31378546346462255	0.561512877345193	0.4996780892436374	0.2329189142187648	0.21604270333596892	0.09186081069996047	0.41832383755143965	0.35447201194002326	0.3304685197703321	0.2924523359436469	0.3073912069740154	0.17936263173300515	0.47578064826996125	0.19125261106953545	0.14516035918811254
0	30.941155087862644	15.740426600593862	19.66853463123169	5.367873545541207	5.7939100842393945	5.344135232226072	11.995586017459047	11.804866575911952	14.459298177512451	12.43744724281428	13.197044005991065	13.662291736701341	9.507730801989878	16.147173747753204	14.297945726326752	25.024420124824843	13.913030654187084	14.40432431944471	5.695897811773837	5.950287269256438	1.4207226111960345	1.138180213074104	0.8657258349338348	0.7421623258352972	1.0576978382463604	0.9324592205943295	0.7061386659983026	0.6406892957445242	0.513665674376621	0.4233782346246442	0.3281019612680932	0.41984934451432887	0.26552769035007306	0.8707852879268747	0.3937551180610562	0.24944073978742304	0.5440574561465816	0.44560470458978696	0.30891429098848927	0.6511823150820566	0.25117918275401485	0.5091117237947729	0.270538864489305	0.38498975259858426	0.6568343934487402	0.23710569777131146	0.4112980023040197	0.4782342295930722	0.5696090106635326	0.5704131283005465	1.4827333194239976	0.20025164740326826	0.13150617350601626	0.1402279341103618	0.6084026167229168	0.41202643713682463	0.5076622024625759	0.6227153158998577	0.4076043931463612	0.28589444593995844	0.33325135199467026	0.4298926862167299	0.46180734238366455	0.2669358303975843	0.4012032633581343	0.2270102659442746	0.314580307252884	0.48165719299958315	0.45159112526059214	1.0745160519325956	0.23266099639168028	0.2974873322159615	0.5294205592820381	0.5645345862284377	0.2135862993804138	0.0951758496522653	0.5469505242570543	0.5060511437493123	0.35026853224514576	0.12462019937291378	0.1944033917885194	0.2731006855363774	0.80746990668521	0.3466057351783288	0.39910856357095575	0.6568922376974382	0.4996757181448954	0.4204773848252682	0.23164577156667715	0.09492583152611858	0.1494040606112829	0.15016911791070747	0.1788018532633053	0.3769122167758861	0.15615766407546008	0.5539124491226155	0.14437976732112592	0.11900368290489442	0.36612734041794187	0.4187013256235875	0.17964068786261467	0.14098015377387058	0.46846159942336724	0.6141438709319668	0.4206206882792375	0.5209536438412612	0.31279146258267654	0.25520373956808756	0.3711136041194728
0	17.677800126074406	17.51100067750253	25.314410181560838	16.983196026167438	16.98610065613977	13.490247412713561	21.488715375214824	11.772595207303132	12.445879233258406	12.410793203135812	26.022814000116025	9.009794305004156	25.694310703658484	25.611626234603385	19.680095558315333	25.322331807705325	16.741154767501957	17.195832229197823	30.00425908435462	23.299706309934024	18.923834420773023	24.075211699624273	16.51608051859215	16.0200988354859	17.19832285550846	16.120503868392625	13.830335319161502	20.14335939680132	2.573575138808334	9.656756241728404	15.839100390288893	7.772396612497509	17.170742048228632	12.656195414858118	3.2120623693633754	12.932035366780454	7.160521651549114	12.865946373897446	16.583953467980425	12.769867976599658	7.043753924860389	12.971361559418497	1.1252688121249543	0.7570784612335733	0.9239976805334802	0.6882308507013117	0.374298054160157	0.07645078360355766	0.41815970123085655	0.6812578814405812	1.1919220980329195	1.1794304325069331	0.41680234840485875	0.06042899387199713	0.24072376881406873	0.5143046002917949	0.36904055487524473	0.3084260872930298	0.46052948516978987	0.38909561557066885	0.49715315677394495	0.32878874887804777	0.59453074983002	0.22323350932413819	0.35467089990156586	0.21438326044395642	0.6903494469838902	0.08058564592640644	0.6565439039615301	0.29660237846220205	0.598918939971518	0.5130250485920554	0.6672963414233704	0.41880856025135765	0.37833235157193723	0.60669747539641	0.20184763736200473	0.34864544696407856	0.45469460271331796	0.2242681670067998	0.4045340320981849	0.22992845784612387	0.22439465888806892	0.5776335188137759	0.15741948956491375	0.42388827653596234	0.2155144036155665	0.6046784503918046	0.32319722026379316	0.11849033782982815	0.30736074202088853	0.2930430247609021	0.36665890849544047	0.20176117939744637	0.3735026387834711	0.6368733152154358	0.3353431924204778	0.22587382704097714	0.09882947047400212	0.39736449192739837	0.21104073341398727	0.3283920222722181	0.3330334862032799	0.25104619448920446	0.5860451933632463	0.16666885653453045	0.3607882644842424	0.2847197001831218	0.29458636961950047
0	15.70490596775607	14.746429479845196	19.90750330689944	13.827914406148002	13.087075536304	20.76648293766522	13.107704105215628	15.60988224724252	6.293794401102999	6.184163600772343	11.562606388674654	15.67289206213148	7.2227463716229385	14.08150994535185	18.503294349752466	16.517393079706626	19.23539209205507	3.748235738882523	11.987511988722098	1.3890797057078927	0.8321263392141973	27.17384651968098	15.53302435221566	18.895487600847403	2.9545516784971992	17.40192192842282	2.7132695709180377	16.12575567680582	3.0506189371515346	5.362785478934445	8.22080997582427	4.699216432583215	0.29657398113829536	0.6285521460678458	0.509053610077931	2.1529442932860223	0.8737529221418993	0.6089825345679407	0.9640699175524144	0.48481183762824187	0.5500183364517539	0.40278642158202593	0.2548337898077578	0.29347839609556303	0.5197609561648054	0.45932352568492013	0.5559015701282874	0.2597550007273368	0.5619506690283903	0.2991574232359072	0.14533399651694517	0.26259390502588126	0.6604757827352071	0.47465434725063205	0.3207958682197022	0.8704147159413625	0.2768211018345101	0.4365225427368367	0.3503415602353999	0.39721054572842374	0.38073618775005036	0.18021819760915767	0.7484695371606597	0.3673691046628575	0.75925980619827	0.4151552432450071	0.4702589108974686	0.39312573888329605	0.35355754713835214	0.3566908480768153	0.39974881173420995	0.5751008806638914	0.43465742910068345	0.464349671297644	0.14018880107703796	0.3686618804098981	0.4169816475145647	0.5647395018676441	0.29570105937243973	0.2100604581632506	0.25653230634590213	0.36414093109856943	0.5644795152602633	0.4267096962386666	0.1314255507929047	0.4067635390452248	0.11918571390550907	0.5598548446605673	0.29547524600823877	0.44037287463869174	0.08612269859863443	0.31543476685173727	0.3722716880815141	0.33647163659035884	0.4494626404597242	0.4874156034582528	0.6250613205788411	0.701599860188936	0.5949393272458672	0.6630946499664565	0.3556688956209166	0.31013858793227683	0.12195786079251571	0.38210644789897086	0.41318945387488065	0.40146248179741745	0.20870778440174062	0.23412211453117027	0.4619233512140591
0	19.945741999659756	22.473326751578316	18.494137587797084	18.605599339990842	18.52868916901509	17.83021327565571	20.067461800228806	16.952183457342425	12.754856632109497	23.488813251280988	15.941083334075088	13.074619362772616	19.33010672524227	12.895595163065401	12.61699931745395	25.6863824106251	25.23888065417776	16.62106958238613	15.807352198979345	16.039620727601346	17.655802501033847	17.351654839383514	7.168347218117448	15.277576208381927	16.309726724820184	15.443731472436573	17.553517780203872	8.176792203578062	8.64962553512297	8.25566375997738	8.467870277900458	11.019571413717692	15.915394815284879	24.662802001751242	16.31204685954439	13.00843617848895	16.178520774395935	13.219000407058036	11.447128603295353	12.73974640690681	25.14700747444417	10.953574018581746	17.245694542034244	2.478293694069041	1.128993696307169	2.726321239064448	0.29263734015388826	0.5381414879579817	0.43666940011565336	0.15400131170509795	0.5987664989677937	0.9672472741535053	0.6968955608119924	0.2795821385437658	0.47088082597845055	0.5692297343812803	0.3397812719042748	0.5661312649323392	0.17380704983845977	0.5754597323517497	0.36058844545399854	0.30655559317569164	0.19075353076151003	0.3968912859383118	0.47992148287770575	0.21265390244683136	0.46750849101510755	0.1660571783552012	0.6195155740887665	0.4438856512193235	0.4232346151902693	0.318667996706861	0.5650084277513633	0.531482804310049	1.0015920319797444	0.5424608307572092	0.4746084637283823	0.1789060135071108	0.5600986248554962	0.04724538735120555	0.0910657343213071	0.2305548456281567	0.5495079513907448	0.5191011652286632	0.41108010588996285	0.35505050045801767	0.42523266674047394	0.3581356891616748	0.3555604273830912	0.32730725930950666	0.2517255743987013	0.2444012135140178	0.09529365667903886	0.35721114378714514	0.31250783420724715	0.6773057766036846	0.260942254054021	0.35843688191771705	0.12277021791688328	0.2542017601649142	0.228939370221511	0.1404201471104898	0.21456677689805945	0.18204983101808134	0.17924926399062183	0.11786385397153795	0.24344421690928322	0.12124670160517394	0.3241339932085901
0	22.087244972796753	14.411191956093525	14.98916849636886	16.716121623562582	15.145288931274775	25.95527579444498	11.670545463116296	11.846505439616427	11.309278221151668	10.977730185241002	9.506016433238518	7.597330576230314	8.91625649465864	3.3866785575296756	15.913894298656624	2.221020611015784	7.4313685877448785	2.463719184264396	8.018092750037754	7.773449467350731	0.2882125981232372	0.335954901929058	2.3770054242936336	0.5103036634719198	0.4777995797967625	0.2099710646363633	0.263642472298669	0.29953566359251776	0.12441911890450197	0.14953774472262402	0.5037775678685754	0.27689051044705587	0.2716609792846116	0.5364583620271142	0.36187536078746996	0.2672517290637121	0.4105918490347241	0.10092964654810216	0.25690498805645534	0.369193899176127	0.5057506205649364	0.4137695791389666	0.152367457116744	0.3125283975200705	0.39583012283935703	0.3798061979671905	0.5819494153975007	0.38657070423365536	0.4762385481529338	0.5056436284842927	1.8417712034951765	0.5196029444589401	0.32823752089117897	0.41963548542208984	0.8660531086423028	0.46797177941897	0.6263860788246225	0.5327137596293169	0.35041696618002555	0.6575194335629566	0.1656893526194118	0.4385522857765557	0.09617367943256616	0.10409107509292496	0.49126347983977076	0.05886816688709615	0.46290311726890476	0.14613105375229973	0.07368176641113773	0.4394194779389611	0.4444335942787804	0.47382963647252263	0.48553812576729627	0.5818471743687783	0.24290278855115371	0.277987988520181	0.21398217327801847	0.4507842497369432	0.34543652234614486	0.6615433800168107	0.5324373516021275	0.5158580904648744	0.6551935058925248	0.6487174936573822	0.4554233511777635	0.44891829431145724	0.6085713640583446	0.2015129448003356	0.28044416899722624	0.21907416570186808	0.31784432418848874	0.08087226645808468	0.0750671598461649	0.17442977630415668	0.1880387839373254	0.516647223822328	0.22436590563120218	0.6079689277447763	0.35604569203639624	0.3382513033435517	0.22710520270191928	0.2268150704813512	0.21881941319254164	0.1475055662643194	0.7028055297625762	0.07596258217350317	0.07952053563863405	0.2897209455823859	0.17517164470731697
