0	13.696116050693057	10.809757995600185	14.370497827593244	10.710353669191484	10.769314013765298	9.721642941215027	9.785076688688914	10.620093116106817	13.974349040736353	14.009888902561293	17.221088393488255	9.93087221125194	17.2816091017639	17.347801980358998	17.353319300601935	17.353787739575957	17.353586495211655	15.691194222409685	11.60697519397373	7.343528617903846	0.1640097675599316	11.412257928926742	11.42096757189282	11.464671467374837	7.343718864574154	0.14939254311602032	0.13970389368497135	0.16364459170221907	0.1629451157975156	0.16338161782055094	0.18177247208132435	0.1572857681927618	0.15777696202669497	0.15797934079062576	0.16064320034430232	0.15933032963497903	0.15966843985167622	0.12567605069845558	0.11943656110538878	0.12177111399106236	0.1167179363367178	3.8627025868118214	0.12303411819033047	0.12681831013622027	0.1145125738486562	0.1362380442124597	0.11584703370393434	0.13236900156215178	0.11603072575680712	0.11416727916641337	0.11493836411876214	0.11439250104694423	0.11388387011529222	0.11233887529233597	0.11121110733988421	0.09832127206251354	0.10218855029840428	0.09624347082546802	0.10446455955225985	0.10370182067846678	0.09265370219260594	0.10449099637740518
0	12.644868126811096	13.887360239980605	14.370870392992654	14.039125643141352	10.359990254195349	9.721309855342838	9.783817696427558	10.620255902402102	13.980594823519507	10.589054627366531	10.689989021291378	14.854341669155763	17.28153140337592	17.346219778367285	17.35442532842547	20.427722619476125	15.70385901470599	11.705552028063773	11.584960324875762	0.22596117903639204	0.1641024237432124	11.411651051285611	11.420873832405563	7.365507994319278	7.343224234591714	0.1493944239073085	0.15248524540960315	0.16366538176607073	0.16255914258162285	0.16395464742761331	0.1818226123362482	0.15734939408760662	0.15772960466777558	0.15798603403940284	0.16085661536624343	0.15941274507508438	0.15970350361277877	0.13518053934294672	0.11942833306768914	0.12177712667043633	0.11662770785628553	0.1171532379370347	0.12306412274114556	0.1269787734349879	0.11451035380582687	0.13647945394105943	0.11587630416337312	6.710801376632143	0.11620235111004915	0.11433551601359751	0.11493823219463078	0.11432994262804828	0.11376792161584973	0.11234487472152514	0.11127385731045306	0.09821294876412798	0.10200335436811094	0.0962525362658971	0.10446294783096892	0.11066767766389994	0.09265446196368368	0.10446771963588422
0	14.187573261652073	14.18896734504218	8.358854762334055	15.636940253302697	20.082206540138735	20.434154938162298	10.616539986860296	10.621096466718878	10.600722982653847	14.009603793516971	10.690050147447275	17.216477678550337	17.281570693615198	17.346396701994447	17.353070166748754	15.703712428394804	15.705465407479174	15.691146147536648	8.690457880607008	7.3437033424007545	11.415745447037516	11.412415115417714	7.361232264124214	11.464724859612005	7.343234924397139	7.346291060893449	0.15248586992292834	7.402793898296238	0.16257644577511823	0.16334971547177637	0.18167230728481576	0.1573914190785538	0.1576684507478994	0.1579365047629467	0.160797073660668	0.1593600379603939	0.1596644667817881	0.12553420651778235	0.11942979778861379	0.13110210612810994	0.11661288549683807	0.11733037765024205	6.780404740248718	0.12684668584739478	0.11469515987469288	0.1362373489639835	0.1157988782809386	0.132379685811837	0.12691849237688005	0.11440193539790137	0.11492178992068955	0.11435525936227975	0.1138916433293878	0.11235193911426188	0.11130470828622882	0.09841761687835258	0.10967337082297043	0.09639312283722866	0.09674000570458828	0.11053240829423734	0.09265287035789836	0.10463883735368928
0	13.6837062173485	14.188959773438532	14.37047189519015	16.316976040220066	11.972416121541231	14.740242554533776	11.559136668876056	21.8145219108655	15.277294573029394	11.51903765989983	18.337345606223447	16.27338649291489	18.405215363396934	18.44448118100571	16.910408116434887	13.296491052191966	18.447477543871685	16.898608992642522	13.195598531353273	6.285854709117028	9.680556007059971	9.677941408043186	13.03473613572565	13.073584934780518	13.031266044541026	6.279421555270795	6.279778244135861	9.715134803842076	6.280107271061154	6.281251984550871	6.2824513072388966	6.282022358890631	6.282146083775508	6.282461072764177	6.283105819214835	6.28294705859222	6.282133443546628	6.280396994973896	6.280795953007095	6.280629986345406	6.280448430967169	6.280681383630412	6.281603501484839	6.282889846440315	6.280607514703651	9.559463242942218	6.280639506913712	6.281832180832009	6.284570535231019	6.285459964212492	6.2862517059934095	6.2862437504086035	6.286024262063985	6.285945965279436	6.28590476438441	6.2861217017118936	6.287169594738165	6.2871754605941765	6.287487246892536	6.287485684396193	6.287193121116044	6.287547902409245
0	10.849369830701969	13.805636091162379	10.73435838254216	13.700523841448867	20.087391710660828	10.734362573305237	9.783830598217069	6.081683935999616	10.600923343128212	20.68513129738454	17.219505093066164	17.229817184716342	17.28262383213212	11.786084348941076	15.702538156701154	15.703709632523962	17.353578401730825	15.691192745692192	11.60693369178828	7.3437638706702355	0.1640718122357349	0.13712336412934642	11.420873988987067	11.465273276900016	11.416504467277731	0.14937506274422319	0.15248786153906552	0.16366142955607663	0.16260970322801385	0.16346258409657546	0.18171582213212234	0.1573927464340247	0.15096765442358884	0.15798471151093085	0.16089577956157244	0.129062369249633	0.15966802003256184	0.1354110163691399	0.11938976657591266	0.12187294748982849	0.10913407591730759	0.11735073854494221	0.12306352901788425	0.12685711178645834	0.1145131864318674	0.1362838131480493	0.11588782741689016	0.13237116167283436	0.11620441684058638	0.1143412002731231	0.11491684680825169	0.11439942252228615	0.11394091020991377	0.1123371076373003	0.11133653804449804	0.09830807744016203	0.1020384794674136	0.09625078719825707	0.10446492674436414	0.1105128253792364	0.09266734565789972	0.10449200920439099
0	10.846871718082241	13.805676340501984	9.881487345228813	17.584267444949923	20.08102821063518	10.736984283912685	10.631629082799122	13.943575880115574	10.731506904211821	10.585364103891127	17.217201785782983	9.933364885933015	13.661724749428265	20.32805902541631	15.702562597835644	15.703273156056284	15.705245361252816	17.393535319531814	11.606988324337348	0.2490182236207339	7.365711599308192	7.36185441480926	11.420878158176777	7.366044351150874	7.34326644895586	7.111992222893045	0.15248212078987036	0.1636650155528014	0.1625457792036692	0.1633818781621327	0.1817771046802595	0.1573926386443972	0.1577953377845497	0.15791340583373312	0.1608691359555412	0.15935408645844967	0.15960710237352477	0.1255351731875584	0.11943174386073745	0.12177472904538236	0.11662161265289957	0.11718784748074976	0.12301232358904494	0.1271044272180159	0.11447479282959838	0.1362594612474277	0.11588136940660501	0.13248768590898863	0.12690135746997744	0.11442142068945964	0.1150175623541314	0.11435816610751755	0.11392749088488871	0.11233918584215083	0.1113050388826683	0.09887218813373322	0.10951534297203806	0.0962903088866298	0.0967071955521194	0.11041925322211892	0.09274408907125084	0.10452693095748412
0	10.850301248979546	12.674402024302927	18.863621808004247	7.800213708988561	18.69490233079169	7.9053949082978505	11.559134817327132	7.962092631817386	12.323868401488303	11.2286466489053	18.337350799587654	18.35380055190427	18.295056164520012	7.838667760431285	7.837237239792335	4.641048115025783	4.6540772769735606	6.3528867054440425	6.384086756716981	6.407410864425509	6.438572238112196	6.456288381010599	6.42468558952954	6.444366498592281	6.451517595706327	7.293222873498741	6.468099964201591	10.849993377860926	10.900492894082106	11.699536033670139	19.077520722675708	14.955838202260301	11.693999259967852	19.071995172449558	11.671551674389294	11.718193619199758	11.692907006769097	11.667952387500915	8.145733163079976	8.192715905351587	11.684662653112674	11.700508387799452	11.702276674849607	11.75310416877197	11.73190599435313	11.698779264514128	11.761291968162698	8.525074282348028	8.474651699964125	8.47384520805331	8.481780394837976	8.478225590006582	8.476354308356358	8.527990590695115	8.480130592091793	8.436809616434475	8.36741503248147	8.397375086618123	8.43654063527195	8.392041079655082	8.397806428594953	8.413900416126333
0	14.187572895850836	14.18896758959598	14.37749152534003	17.583586219546046	20.087658038305293	13.019857595205652	10.702737469783907	11.22947582153705	11.339856029194495	11.230842125470328	7.9147322566204465	7.900772242127797	7.856040438138089	4.892261386762408	7.837257249673515	4.184281370065223	4.654070458973072	4.652141037637953	6.383897917513847	4.61363850950197	6.41921094530446	6.456889247960443	6.424526498649307	6.444377708466218	6.4515380339644075	4.144881055239446	8.040447389929502	14.808456568570236	14.829770916283305	19.098424503445482	19.074928569249195	19.11687000746415	11.693990511307064	14.961822329870984	11.671656364131731	11.718191554774767	11.706245872471076	11.667954920392422	11.641507749900214	11.618493167867056	11.660804588699513	11.700657376093554	6.562015121570938	11.753116551118469	11.735030990434673	8.499008718863534	11.761307040903482	8.524202241661978	8.47499619121288	8.474098659381923	8.480917314404266	8.478880609703685	8.476723756672033	8.52754971956683	8.480123876654497	8.43664705210054	8.342071281593363	8.397363531982464	8.43617264188689	8.350732920370449	5.796088334357513	8.413894185015385
0	12.64827551061185	11.309278523800847	16.645151658638262	15.658041406716956	10.769313721396696	10.753186283533632	10.616751625343534	13.955269676530468	13.978157423086149	14.010239731320997	17.162283813782135	17.229776674969212	16.02738277222459	17.347776739452854	17.354389578363676	15.704442335146888	15.705241394801766	15.691196367123094	11.606976582003732	7.343764404813588	0.1640781358449465	7.3618450527140595	11.421092799745647	11.421265447942524	11.391106991665298	7.332919599196443	0.15259850342207606	7.402924814618473	0.16254589541436476	0.1634169142401368	7.267187048382187	0.15739297074621242	0.15734973152863546	0.1579850278403292	0.1608648366360944	0.15941031860215812	0.15968522496906304	0.1351883258157989	0.11942992831540547	0.12184138857484685	0.11663145590674061	0.11714775836539118	0.12309213771761437	0.1268741336798991	0.11449929626858267	0.13627191423190013	0.11584533226170839	0.1328043840942125	0.12664472319585396	0.11444284926636651	0.11497651058128165	0.11436144221274791	0.11388012776643865	0.11228849456903252	0.11130439567763462	0.09885674280891918	3.6128239708641128	0.09625201702612135	0.09672856895760762	0.10371703906265588	0.09265657257992738	0.09619398238000337
0	14.144408852742835	13.85205259550614	14.37055789263518	22.28210457905118	6.973219978848538	9.72156706619227	18.989123931635714	20.653375814809724	20.65310670076637	14.009696648799286	17.219551401619796	17.22969593370636	17.28176580650866	17.347779182255366	15.702435130446469	15.703964965513824	20.528267686476635	15.69119438915961	11.606960432710528	0.22608371964877205	7.366070799229191	8.564492857918243	11.727895942180485	11.421518619529198	11.416099619635569	7.332936774668325	0.15248548114358107	0.1634592974632546	0.16328097446136633	0.16338259659814922	0.18203321225111183	0.15740209002816363	7.2944550501303	0.15800452093855813	0.1608666468079352	0.12906593907529262	0.1596705098755591	0.13516747794343345	0.11942602828619135	0.1216337782339133	0.11662093966760632	0.11734930641191461	0.12320586720881666	0.12685813039662402	0.11460142385315661	0.13622822298804185	0.11584860590374721	0.13284187749481383	0.11620156055467833	0.11438590628621842	0.1150376247579086	0.11425999841642359	0.11387868261172952	0.11234023538664469	0.1113047954741974	0.0981945637200984	0.10202074170619227	0.09625642729180837	0.10444286409894028	0.11062118912069303	0.09271767082392185	0.09626015711442629
0	10.84935962378496	14.188968189648303	12.521212620895575	15.658006118482092	12.505112706449932	20.428734534286818	10.616511643395475	10.604075146138916	13.97491585842548	10.589112572976767	17.21720159303146	17.229779483870654	17.281558977425288	17.35867700076331	15.702575072125242	15.703965464026455	11.741003703890243	15.691120700271405	11.607074997590496	0.2261402223864892	0.1640743715620727	0.13710204222905806	11.420872768119876	11.440004415545111	0.13736948860711315	7.332915578535745	0.15265435812310188	0.1636585624052855	0.16246926152914853	0.16345890771135443	0.18180772254042835	0.15737835214315135	0.1576644408889029	0.15854508240163107	0.16086078120319788	0.15930318282354225	0.15959860968207817	0.12553395920384738	0.11918896762127129	0.12177704270783157	0.11661853077807495	0.11714595167865519	0.12307254198043914	0.15645612504136827	0.11457831965845451	0.13626152073696932	0.115838863293134	0.1323463152320449	0.11620259377513831	0.11437468957523526	0.1149248977819074	0.11427682895194537	0.1139430755642285	0.11233960320622755	0.11130699461245809	0.09880502147310928	0.10195187823171743	0.09627389095218855	0.09676443751519044	0.11062415521423107	0.09273471453093544	0.09635505382997907
0	13.683730355097603	13.532557849240177	7.561496140535736	19.138108945799488	13.82855031546444	18.029303996650853	15.269342035226746	10.939464327734	15.078798105304482	11.928726378672142	11.903774553328741	10.595177803778206	10.023035506362838	10.028633102111039	10.940273584852806	10.930572626912165	10.022226705904943	10.022037091944847	10.947581229229359	10.00734218314217	10.980195603237819	10.990536292869498	11.319254687434945	10.984953410957202	10.990082463931895	10.998087305019837	10.995952974804752	21.000284213227754	21.009884679207147	14.687897925865334	21.041599646623347	21.064425497332984	14.685802544630533	14.684733538455303	14.670180948779787	14.707551036538893	14.686140178239969	14.66712875264916	14.643928810251571	14.62461154324393	14.658611715936232	17.35469039023941	14.691378201015898	14.731556924636168	14.714690511732313	14.698240456651677	12.312893610506826	12.311620957091058	12.278701681448444	12.277920575541136	12.282445661200601	12.28059747753102	12.27975654297056	12.316015654105891	14.58860381168298	12.25415321681002	12.188593363340495	12.227201556509337	12.25396262225601	12.195619494184639	12.256192648127573	12.215096969779868
0	10.84937064671967	16.016248906151485	15.938375465428036	15.657858008075491	10.770445274954472	10.711236246532563	7.91744244311191	6.899033710146288	15.274795778992166	12.303431414780555	4.679043753262646	7.900778971780076	4.653275874516234	4.669001975579285	4.914700295481794	7.836777900583677	4.654967623065641	7.832324981394515	5.954644171661104	6.407413175470629	6.438569147069265	6.485951453353699	6.424963017387616	6.444402919027205	8.774100158075074	6.471700557273749	10.824873661228938	8.063626973713584	19.041426986646524	19.14159227986881	11.706380316382575	11.706491738180963	19.071536606043804	11.69200126044456	19.067535356043884	14.967599853915813	19.071569659816234	19.07572599433097	11.641427271497431	11.617513199209354	8.151194923716263	11.700591124989746	11.702278528457342	11.753095272234264	8.502892483726804	11.729027511140705	11.761311045532583	8.525484418517857	8.433584473182687	8.474177078382223	8.480867676115215	8.47850616773042	8.476547084605931	8.529011847958435	8.48012859905789	8.436753191689837	8.342089021203352	8.397304695583863	8.436540001415493	8.350724246092922	8.439711290140895	8.41451929583159
0	12.649733080826017	14.188952191062285	16.645087133363127	7.821542563717852	20.081384048296385	13.019947767699867	9.783402620349186	10.620099272007476	20.65654850732075	11.230339437622074	4.678946466597979	7.900802485567081	4.653270467516528	4.668884561347154	4.907637946648039	4.91167949749552	4.654960449251791	7.8327711007244	5.954642468754217	4.61362572375364	6.419209765864877	6.485931421050665	6.4245416949974565	6.444398363534938	6.4515218292749665	10.827437433812626	7.204602787915036	11.658190572510524	8.006272141574156	11.699811395864591	19.077508242895238	11.706021746568593	10.746533233860596	11.691519067564379	11.671649343734416	11.718167130516585	11.692894655175417	11.667882816186081	11.641504646846734	11.617510585593	11.68466187803577	11.672464868303955	11.70228038970198	11.752931663125674	11.731946249376968	11.729103182307457	11.761313598681832	8.52512926489812	8.47495482326213	8.473862234425743	8.522758200001425	11.61630493526601	8.476547184338946	8.529132326786351	8.480127665222078	8.4368011508628	8.367439570134403	8.397370473014597	8.4365726019126	8.391992720135116	8.439664839384923	8.413905479487882
0	13.683708920759637	14.188966728889946	14.279299645539359	17.58396263968196	10.769330361563942	10.73750747473692	10.63163661931062	10.62022727700709	13.97461856109076	10.59107124130266	17.219552743427073	17.21647704049652	17.22344654939803	17.348805876462297	15.702585020113933	15.703075308265129	17.353583090382124	15.691015383247487	11.606974574938247	0.22649012679143188	11.415730174922968	11.412286106835463	11.420563682038537	11.46470076261247	7.3432500164506616	0.135876726817293	0.15247813862528298	0.16377693956685682	7.374766914146413	0.16335805476588	0.18182712241752177	0.15739213935537133	0.15772752831237583	0.157994731059864	0.16067773630190804	0.1595032785484898	0.15964868343341768	0.13516468285623004	0.1194507280494242	0.12177596241628316	0.11661289815089805	0.11733500146157537	0.12305857798482547	0.12699784891095425	0.11451195995545942	0.13623575385794837	0.1314005567331689	0.13199960482772316	0.11622112936650979	0.11426137636866589	0.1148868434873113	0.11436123919701473	0.11388277206967065	0.11226350065805993	0.11130437274534996	0.09756252623432511	0.10982586224005722	0.09623049165476423	0.1044668524238238	0.11063974914848937	0.09273356152865941	0.10455835980676292
0	14.187571432415513	12.674431895128551	15.901433137797024	18.34357280104605	20.498644840608723	10.737193984398411	10.631631282470723	10.726770268407781	10.619168791224553	12.30381584709522	4.679601997720557	4.647112220023537	4.653277472607641	4.669192969193669	7.83724186929029	4.641051748355206	4.6549256360643225	4.652078525955675	4.605933940931994	4.6136769942136695	6.43856901513883	6.456299522299613	6.424887081294728	6.44430178770366	6.45152106966928	4.119125921101548	10.824624835030505	10.86689051071603	19.041461931290748	19.098306189566763	19.077505218681893	11.706486924202839	19.07128352458291	11.691579804367223	11.671612395371646	11.718188801395199	4.962030286471629	11.667781211390048	11.64142938983113	8.237795705934822	11.660804874389767	11.70053973000009	11.702312887573347	8.383977085549395	11.732459418601733	11.728993123250845	11.761213600246823	8.52566603872583	8.474963406480859	8.474169803759082	8.481174873576215	8.478343808813634	8.476667227928004	8.52747788572984	8.480117930992355	8.436538744251925	8.408749683760309	8.397369283606524	8.436174931895822	8.392043637825092	8.439661311349129	8.413945875202577
0	14.187573261294352	13.80516744112814	13.09937792773483	21.687554000102708	20.086779784022156	11.143490099898665	11.543173348302105	11.548922770724282	12.323870598473961	11.22836454289233	11.312728254139754	15.706457498351739	18.294844390601742	18.455713999548973	16.910306014622623	16.91100358433887	16.9128452017926	18.474724124184323	14.305775952423257	9.666230244430006	13.029913397118465	13.02609710547674	13.035085908439239	13.073464835238351	13.031263865229068	6.279423642970821	13.015403103458219	6.280802415582038	6.280159483099064	6.281252392665729	6.282452582147849	6.282022307034893	6.282141064007492	6.28246200913135	6.283060213946397	6.282948235377274	6.282900376224528	6.280907410189568	6.280795362333836	6.280742764481918	6.279642999032179	6.280776643093071	6.281603151679105	9.513033596397927	6.280605879865382	6.2823974147262875	6.280639700050289	6.281758077502554	6.284570484626106	6.285445749521485	6.286256046271332	6.286226658792018	6.286034877971981	6.285900039353568	6.28590454001637	6.286120965510519	6.287172946388895	6.287174201672632	6.2879855853526605	6.287487462697057	6.287193667158386	6.287934822308416
0	14.187547898933044	13.845654718464656	14.370423443445432	15.657854829919572	10.360049560171632	10.737532901017033	20.66747292341121	13.954782372182017	13.974439417987412	10.58607573683804	17.162286709241158	11.713860035678643	17.28156682827484	17.35869417952461	15.702563455603933	11.74128319271387	17.35375215985866	17.393531502309198	11.606990686860337	0.2265092497403918	7.366067823072189	11.41152619616629	0.15754395099536353	0.15745319741136354	7.343226359216458	0.13836505519236242	0.1524888815899516	0.1636550862358501	0.1627719924601375	0.16338561780811278	0.18154368539079432	0.15739214489290626	0.15772350806214355	0.15800018612806235	0.1608944164906683	0.15939705809048818	0.12798125822135495	0.1339337553891069	0.11942136652496277	0.12191587320341461	0.1092045681838442	0.11714558741226208	0.1230356960378431	0.1268674733136436	0.11451327173617577	0.13611031627103973	0.115926372486407	0.13270341488721255	0.11619154485341841	0.11438682943322112	0.11491083302564467	0.11435260554994	0.11389135378760787	0.11234287492071282	0.11117727553058775	0.09892948551768782	0.10948625454898821	0.09625171359462668	0.10454007660461281	0.11062339899163964	0.09270443059650943	0.0962625685257371
0	14.18757326141021	14.18896761163023	16.614485778518496	17.599322796896015	10.76932091727954	10.752015167090022	10.616508824868989	10.620226487067379	10.619164393708955	6.0320068355345615	17.217198579413417	9.931806051959692	17.281575182405774	17.358684555977298	11.725629480788013	17.353758756484318	17.353688011704552	11.705529496329774	11.60698578999226	0.22648143607496277	11.41574572419182	11.411445003193045	11.420869232780351	11.464729249147231	11.41610260502279	0.14948518614104442	0.15247411970830396	7.402925324992091	0.1625496700581336	0.16340402890710587	0.1819741476679796	0.1573494194342135	0.15777579255645527	0.15860087159980238	0.16066658797734612	0.1593015781322007	0.15962256581974457	0.13515866164553753	0.11942239135775565	0.12177933931935801	0.11661808621107515	0.11737891349892253	0.12306844903570768	0.12687162752904643	0.11449094446155603	0.1362592837430259	0.11591583308174545	0.1328273925079013	0.11621826239130155	0.11439431931462146	0.11492317289560991	0.11436654143136447	0.11389803790222902	0.11234568215989467	0.11133578448109886	0.09877373557530578	0.10959032246046667	0.09625264188678609	0.10446454888335281	0.11057458988536109	0.09264760495791974	0.09627396191053593
0	13.683709335084892	13.805635572949429	14.373780110539741	17.583426307850736	10.769292770157628	10.73392315413494	10.631649457239687	10.72680453946688	10.619071736591676	10.58529294476969	17.162283304831828	17.229776519967427	12.892493741890421	11.786155581475843	17.354236298049976	17.353808190539286	17.35357830705609	11.705547158972596	11.584953395773177	0.2264245634402168	11.415799803280088	11.411607472901359	11.420494961327279	11.421268367616323	7.343122733339768	0.1383645910670097	0.1524844825754342	7.402921886092057	0.16260342320499233	0.16338994796997858	0.1818677005815772	0.15735156290894195	0.15764670650477838	0.15798474534859602	0.16063622888541038	0.15937767444730414	0.15965044106212187	0.13513988199918084	0.11943984970336792	0.1217650769947863	0.11662031055839588	4.604996356596508	0.12298731542229252	0.12687137790672465	0.11443743477029464	0.1362437987236237	0.11585904351412378	0.13237806441550024	0.11620052541822798	0.1143922409367953	0.1149324307931527	0.11437234770954677	0.11381724315885286	0.11233515937828578	0.11129207110597562	0.09825761561889679	0.10199096706263912	0.09628349004416727	0.09670847208638536	0.11062568188669009	0.09284826193689866	0.0963066324392684
0	14.187588291748595	13.805607441578882	14.370524988401662	12.736950442818715	20.0821301388742	10.44579708178693	9.783386444431306	10.726779560395531	10.619746923596917	10.59095921221356	17.16230119483251	9.933353668368026	17.281241785423475	17.34898984564694	17.354393467453846	15.703283914291637	15.705245521397908	15.688411172485429	11.606972197113741	0.22617324467538905	11.415827001603954	0.1371439784499155	0.15761923582598095	0.15745893430220337	7.343053576616606	0.1494321100151596	0.1524967795437696	0.16359147414236927	0.16265084106989527	0.16396172254548724	0.1816435361111476	0.15739756006787378	0.1577254720157114	0.15798209110448844	0.16087256153778964	0.14146993708200067	0.1280455897992996	0.13523148612104485	0.11960564609486143	0.12176873714074943	0.11657079089608471	0.11715088974451686	0.12311369742745126	0.12688509882368232	0.1145112583677288	0.13624090443990852	0.13144162469214055	0.13236624989159704	0.11620260198989482	0.11447272379915646	0.11488358226715661	0.11433048114199569	0.1138849395502814	0.1123451238027961	0.11135770378516728	0.09836166784893727	0.10951538124812876	0.09636416843407394	0.10440483701710754	0.11194840399014908	0.09272861953520475	0.10447743857123913
0	12.648292961300857	13.843843710496833	14.370557210866611	17.582897071263993	20.081995029349706	20.43272890671186	20.66801063355079	13.970821484757327	10.600729384380289	10.585923813110428	17.16229657184322	20.544859767328106	13.662153191419407	17.358683394219074	17.353316496875063	17.353709580324516	15.705379931422122	15.688413684825628	11.606958495960864	8.468524438228073	0.1641679914487208	0.13723957704799897	11.420778496050264	11.464766894893664	7.343055801528326	7.346298989669399	0.13995832231595165	0.16365640125816341	0.16280168410115453	0.16336723456198016	3.834018410260878	0.150085402342084	0.15766439273512067	0.15798518666152617	0.16086293041451127	0.1593962990520559	0.1596558856368891	0.12570298921195702	0.11944784901156413	0.12177555572622828	0.1166253081897796	0.11714403384308412	0.12304669188936639	0.1268692838330169	3.8611448788156175	0.13629302172344795	3.841262856103022	0.132822677015204	0.11620131093753032	0.1143893825768293	0.11458748835751247	0.11438966814627988	3.609980548293995	0.11224408036340769	0.11100248645749002	0.09876678999614148	0.1095507371628688	0.09625474239848808	0.09665684593364303	0.11050771827468538	0.09272789737213227	0.09626406206348513
0	12.648300674397357	14.188969103921043	14.728101180941035	14.457079444681442	10.971199961478737	13.019989061585894	7.757615972818385	11.548976922741534	16.13218371294282	11.230583475626327	7.914722443893885	7.900734548170647	7.856022651123032	4.6689658310948134	4.6687967503411425	4.641049108906709	7.831233215604068	4.926316458945507	6.384301641006846	4.6137292756514245	8.330336806474318	6.45661805857994	10.799683718901615	6.444367143706949	6.451516618433007	6.471706892626895	10.824624458701352	14.808935176317716	14.829743215117853	14.811512112022486	19.09436801732552	11.695361424298847	11.693992920344858	11.691516589799026	11.67164572597657	11.718191237036153	19.071420603508848	8.229816206432394	11.641356620628981	11.617521036369672	11.684639684454789	11.689522213413156	11.702280878856767	8.383985443684658	8.502581380221304	11.72905353826395	11.761262589886718	8.484133905140192	8.474937969025149	8.474379993497964	8.481675780734722	8.47822591214088	8.476667773612785	8.528872445327597	8.480123050130212	8.436817243752609	8.34206621349469	8.397354060351525	8.436533359509244	8.391996279260855	8.439746444542626	8.413932863396246
0	13.683708617655684	10.823671760831923	14.370519207815967	15.65805077154867	16.882921888237348	7.905570542205711	7.98212095143303	11.548986327314223	11.52779555548821	11.51190038482149	16.677603720020414	18.35375710130428	18.405211017231903	18.44442662324327	18.448301752840113	18.44759600943879	18.447362608793803	17.774849710785862	13.195604885569624	6.285643923174255	6.282259447418826	6.280941277434238	13.035100959352146	13.073461053422873	6.278964738964855	9.660154114907169	6.279777972988346	6.280806836372368	6.280159608075837	9.608083439726029	6.282454719961211	6.281391073658019	6.282141682537139	6.282467258482511	6.283104493060338	6.282952450144403	6.282891703068804	6.2803936349926675	6.280795401755315	6.280743439370412	6.280446704762086	6.28077784539855	6.281606367692018	6.282891405837327	6.280607938387043	6.282404607364373	6.281513748754371	6.281684388136809	6.284144913309874	6.285444989215799	6.286250040022871	6.286232804502055	6.2860334642210525	6.28594716171042	6.285904914285633	6.2861280853289365	6.287165423778816	6.287177075071356	6.287984188215424	6.287486966388443	6.287197047501909	6.28794397412919
0	8.361204301567842	12.868886495071397	17.789257137324828	14.839497163177423	18.528662971886042	15.058786623244677	15.053044911388177	15.130930812158105	11.929415500384525	15.128115614319551	11.903797515296493	21.3499309490973	21.396406462337477	17.881065366248215	15.961275178600065	17.270183327424096	17.267516292705487	17.268215482974377	16.67030682340895	16.06133003882475	16.685994068056036	16.698824808064472	16.686489997616537	16.696261691129294	16.700255214371666	16.703008563433777	16.701475678842876	24.471319026003933	24.478728527607764	24.556262597019074	24.504972829631274	19.333768800349834	21.457799237702083	24.50206491307849	19.31729765373567	19.34606079755771	19.33818059785829	19.314952378599852	19.295701589815273	19.279539324788413	19.321831445755343	19.31270468357868	19.330617102987	19.36126687601543	19.34846794968733	19.34636827744951	19.368081277638808	17.59228297441271	17.56882330769143	17.56835898054581	17.571023589604682	17.57007433262254	17.569556861879086	17.594592185072262	17.57194314930387	17.552987928177558	17.51779971476368	17.534269185195722	16.47309629951156	17.51233365825998	17.534423933759168	16.469153527177674
0	15.577588836215885	13.809687252295436	12.51799562885593	12.737004049581326	12.505112835111888	7.905407962106643	7.917437171800554	12.304077747593512	12.323767886567508	11.512045983122086	4.679052938258156	7.900733894310235	7.855909708204754	4.669107806744706	7.83730171019474	6.350588099792048	4.654959167680275	4.652148562613214	4.6068209088038286	4.613616445116857	6.419216047379202	6.456511555121552	6.424642278559334	6.444416659695164	6.451429328226539	6.471553860525133	14.809655991341328	4.124567240016104	19.04146129173819	19.14153914803714	11.70620510165174	11.706516283351688	11.69399220278367	11.691578895752025	11.671645874026806	19.067941758508656	11.692906589575818	11.667861561096647	11.641498586747053	11.617508593066825	11.660802055928924	11.689533480899733	11.702351706374614	8.383977142511124	11.732133010825425	11.729022568396918	8.506187944794528	8.52506618820967	8.474647812328032	8.43792965777687	8.481175641941304	8.478221731647997	8.476586857973956	8.527658058530836	8.480143626976002	8.436750016600566	8.367469616032045	8.397314557375536	8.39036131315992	5.829969382134385	8.397797217652096	8.413899587591299
0	14.187585454348085	14.18902852260709	18.47487677043619	7.800195438645213	11.67833050028912	10.643651409492236	11.559640160907966	11.933464161585817	11.929315944965511	14.406675519221356	14.335514633884147	11.874155087309791	10.023035758963356	10.028784242768376	11.850873787882982	9.838422237126997	11.843501285403105	11.844282164122095	10.00133504103325	10.007381560722427	12.017662116057208	10.990541480097034	10.971775147320859	10.984949986540231	14.039520067613202	10.9982272763099	9.802637856179928	9.795730640121494	11.965744573725178	21.061424007870908	14.692507586108793	14.694857772423807	21.03676236146294	14.67055219665344	12.04128628275841	21.033693545020505	14.686133044447066	14.667131132903556	14.643981904300599	14.6245202013304	14.658615777996008	14.69018826483315	12.217485020714363	14.731569409881383	14.714654538083652	14.712222413154112	14.739375666745941	12.312477823563274	12.27857098097956	12.278066477221307	12.282365131346989	12.280702204901079	12.279760846092618	12.315330601343675	12.28277773131059	12.254194594643229	12.205132123927244	12.227186181141773	12.254452955711377	12.19542359094298	10.610776374729102	12.239984028213122
0	12.644853157521032	11.833334060726944	5.566787180327893	12.737019996145603	12.538996148527936	20.43415394820838	11.158746466041043	12.307292847018404	11.527919576115211	11.515432897133147	4.67894837211059	4.647260091748275	7.85607719570676	4.669023790930589	4.162703133386377	7.836739926767243	6.350561779476674	4.653070905090439	6.386050512853543	6.4074147706731654	6.438424224204548	6.486004288653416	6.424545075630076	6.444367455970357	6.480007339626313	6.47170285992887	6.468155841801837	14.808421829563432	19.041460073626418	14.811686081615314	10.745227518688953	11.706493521267985	11.694001463523065	8.119006759772985	11.671690096952302	19.068007891339462	11.706409188147092	11.667875956794266	11.64142760217802	11.617516308238548	11.684668964359798	11.68952850657611	11.685002201729544	11.732445485792837	11.731941569526258	11.729047644475475	8.50627688408734	8.526259639797713	8.475012871120773	8.47417590106348	8.480985292609459	8.47830615579449	8.47666994882111	4.840099643546808	8.480134250190762	8.436771423293884	8.367448280978616	8.397446548989336	8.436170220941833	8.39199364369173	8.439685311095353	8.414092321564267
0	14.18757327546438	14.188967588245717	14.651919830944815	18.34998519885573	10.971250824751085	10.628297801369714	10.69115682044098	12.303917427375495	12.32249528017452	7.953127423754243	4.6794577689254115	4.647116567750175	4.652876690223051	4.6690854742234205	4.906050468460985	4.641042722897657	7.831277987456815	4.652121510444855	4.605994712378134	6.407424380324967	6.438502855409751	6.456793522133735	6.424785751921407	6.4444882719408785	6.4515273076786785	6.4719232904076	11.683846539725863	14.808405805760481	19.04144815757902	11.699824467105232	11.706211801238192	19.116873166626718	19.071576746307564	11.6915282487595	11.671642423384501	11.718191945595361	11.69290941066756	11.66795882790845	11.641434804738589	8.215345564346281	11.661082784911772	11.700668526341065	11.702418983638697	8.384045447256586	11.732117070455633	8.49901390168278	8.523377502387422	8.524153637543018	8.474542572607971	8.473893088058908	8.48094256390562	8.478234912133594	8.476660041812874	8.528874316569132	8.480108909458457	8.43653881917228	8.367516627770977	8.397325149066313	8.436535222449583	8.350583486122071	5.7960041298796865	8.413893774030056
0	14.144418546344015	14.189043955453293	16.614486363746526	15.658125211804913	10.76816205169423	10.733687097955379	10.631629858771602	10.620266781529724	13.974998593803308	14.010153468428319	17.217224983949794	20.5427563774217	17.22367061447893	17.346452979748374	15.702577325954653	15.70327842978648	15.70525710001068	15.691194110271134	11.606978339465678	11.531701278865468	11.415787961459952	7.361870083809346	7.319563027873447	11.42120046827315	11.41646358628906	7.346044645800353	0.1525393313302637	0.16358875443401882	0.16263426038736745	0.1635032877816861	0.1818269969222041	0.15739213588711412	0.1576455731004407	0.1579832910732018	0.16094411365420574	0.15935879859317775	0.159649910579725	0.12554811087676868	0.11935738942355982	0.12177642860863999	0.11662191222261961	0.11733113545339086	0.12307122867913764	0.1268783708351375	0.11451162474446168	0.136221922407923	0.11603641650192147	0.13238758001465764	0.11620866401861533	0.11439047141509255	0.11511382301278537	0.11431764416843891	0.11388474827285079	0.11234402630616963	0.11136068407417023	0.09832268560156683	0.10207414019563273	0.09625123883855416	0.1044775191719148	0.10382211647979896	0.09265672164841494	0.09616780933984542
0	14.18757326539382	12.675853553978182	16.645098977226073	12.73696286247744	12.50511300350562	9.721374951361994	6.933363297620858	13.954653290102767	20.652581613122212	10.58549804913942	17.16228374543393	17.22982838216478	17.28129885123879	17.35870266258419	17.354389103844856	15.703015479354395	17.35361902784664	15.70638323592145	11.606989736257756	7.34378080378635	11.415799798012603	11.41167022504156	11.420871394008694	11.464675033348593	7.343068786621797	0.14941181410798407	0.15248298624141066	0.16366408332573146	0.16270468687952064	0.1634859036439429	0.18183278611498013	0.15009120033911544	0.1576739519571366	0.15795567156840074	3.814207259076006	0.15929222978778143	0.15966989930576672	0.13518670372161282	3.8431279874416657	0.12177782964590107	0.11660545407932424	0.11726996999541779	0.12318786778667233	0.12693020411489975	0.1145162396614294	0.1362387269656989	0.13134759300719528	0.13282542536420244	0.11620501808724526	0.11438788817634733	0.11493567097136585	0.11436113331933132	0.11372228751941486	0.11241975498132764	0.11122366246002703	0.09839118382974658	0.10203743334071487	0.09624732967964948	0.09674685357578343	0.1106250476239471	0.0925984738035042	0.09632849106966623
0	14.187565755260557	12.674429573448679	16.614485648766653	14.533833799410434	10.98309326223746	7.905542737011247	16.91056076805264	11.229212949154727	11.547987049592786	11.123542335295456	4.679499766182882	5.188981053552285	4.653110354482718	4.669398056091075	4.668822119732733	7.83682070456886	4.909240152571475	7.832436373027837	6.3841299787962775	6.407405458869386	6.438442762560217	6.456599305304324	6.424963051376564	6.4351455737819085	6.451518735037109	10.827420917359087	4.127886316776823	11.658203639552472	19.041465456405007	19.098179702273228	11.706209700570405	11.70647600662071	11.693899729151521	19.072039751779933	11.671642826181106	19.067895306411394	11.706386386837398	11.66794890874763	11.641504115467555	11.617513148743816	11.684658784710779	11.700532400314966	11.702283061767861	11.717909613331704	11.731898913492172	11.729038721969259	11.761337600991668	8.526147455199427	8.474655247277832	8.474239761169466	8.480955361957758	8.478223957053324	8.476623953656798	8.528894568093802	8.52001771578619	8.436708424357201	8.387390480785688	8.397379353689296	8.43617256934731	8.35072311245999	8.439661327720684	8.41390293642241
0	13.68372983420229	15.60544670115282	16.645093145763667	15.658036720834597	11.099607602882733	10.733827487962019	10.63161818616535	13.755208586822825	13.974694854788293	17.047942260081417	17.162280862007947	17.216482015536638	17.281582133158107	20.325555515072384	17.354192448658026	15.703282862299542	15.70524774425628	15.68858452730598	11.606981070974028	0.226605154566582	7.3660681397118175	11.411516771142693	11.420862271880262	11.464676848336545	11.416493419192486	0.1494025348655637	0.13970596738503815	0.16366500827714542	0.16258167530325413	0.163946792183667	0.17623062083074126	0.15740364994409647	0.15766852249373467	0.15798500706230448	0.1608663229970492	0.15941505601575798	0.15966789723190342	0.13441143434743244	0.11942969209243066	0.12178154199542537	0.11661734347353085	0.11716000435656537	0.12325040090479006	0.12705987161213245	0.11450015976923106	0.13627376335726982	0.1158626983140059	0.13237974621531098	0.11607496262796382	0.11439152120368495	0.11494537142936091	0.11434320514453107	0.11376185049912019	0.11238500277144509	0.11129897565187083	0.09868458265910493	0.10198097255364799	0.09623459702382174	0.10444949233313486	0.10377166873249719	0.09262040898111644	0.0963130209346886
0	13.68157106331521	13.805618957734527	14.370488220483162	12.737004053997014	16.883176412899335	11.687987319789647	11.543188575626168	12.307181022792657	15.274531971277627	14.999831750773632	6.232642169004891	5.177935802219536	4.653098816274454	7.838432132063232	4.668941364793554	4.184431799407042	4.653650267486869	9.355674444881215	4.606753301070818	6.407409660314384	6.419207366422635	6.456281239807626	6.424606423281969	6.444379585597698	6.451519010279189	6.472020023892883	6.4686971017698625	14.808422769420378	19.041425799589383	19.14159728703531	19.077517126759144	11.706512808214255	11.693988886449375	11.691521728724512	11.671656468368507	11.718154095588524	11.692905640387762	11.667869825805731	11.641503729285906	11.618639524107317	11.684762388926174	11.700668952805389	11.702326920943607	6.582263414772323	11.73520687792638	11.71181073062596	11.761308515583789	11.681257389865051	8.474787784506857	8.474285896198444	8.481504941990215	8.478224651534648	8.476714394283702	8.528834475972017	8.480608262329897	8.436660615904465	8.367451382873146	8.397219173877588	8.436509602011089	8.350589673044913	8.397821218442989	5.833290052813332
0	10.543234203269648	14.18896745391194	14.368174106982783	18.342942232761242	16.882932883912346	20.438853927594412	14.719505672801539	13.971032551183292	13.974783128563395	10.590893019144456	15.418667365565975	17.216478736828908	17.282556835818312	20.3153886901702	17.35332052582695	17.35382115840036	17.353743195742872	20.524071479005034	11.60697586886326	0.2257744796599847	0.16390443122947085	11.411603112792287	11.420716097251168	11.421106448319588	11.416492234471688	0.14939394536060327	11.397999361136334	0.16366222534615044	0.16261011992536814	0.16338182852744612	0.18185521582778208	0.15738944634510088	0.1577672091698615	0.15798245149101733	0.16087076936398279	0.1593357339442808	0.1596592571214987	0.1351689196166716	0.11942747807690411	5.967342848067562	0.11660567503392633	0.11733295092025053	0.1230253027532172	0.12680801285801724	0.11448598184977479	0.13622017838711892	0.11595405620053514	0.13241428153748228	0.11620232627629766	0.11438633992124374	0.11496621049268002	0.1143323876240002	0.11384774607460206	0.1123542595174573	0.11145251347975184	0.09833581130250664	0.10194986087970628	0.09621980113880878	0.10446190201062501	0.1105046933250295	0.09273256386980894	0.09640336948516222
0	14.14442620498158	14.188994358131957	16.614442488253502	18.343417713309556	10.36678975889692	10.753187012664847	14.719907203095334	10.620794336445181	13.974879210866074	14.00965377620389	17.162961957889717	20.542582148485035	17.28157361769718	20.317470792202972	15.702242893611498	15.70371360160309	15.705247831294917	15.689621776938669	11.606954026457332	0.22650919779045312	7.3660887136517195	11.412397382844928	11.420799037613024	11.464675473985704	11.416495208203944	0.14912086350339834	0.1524658670126647	5.8884512497877415	0.1626191717525812	0.16339426640484697	0.1817522458801662	0.15727812416331133	0.15761561632683865	0.15806736682985195	0.1606855507912688	0.1594009834126923	0.15966858806496995	0.13516385859796304	0.11941284297404048	0.12206415657479044	0.11662385556973336	0.11733698608834806	0.12305839795516728	0.12685095313902853	0.130113376847858	0.1363064383181654	0.13140401998009227	0.13287215696413987	0.11623569311048146	0.11437757352401708	0.11480348185825219	0.11435306794570377	0.11394158178211541	0.1123461846909064	0.11130537710314198	0.09826875101236145	0.10203245942410452	0.0962639884304681	0.09663332992951576	0.1106232947454344	0.09265848978427381	0.10455288996185173
0	12.648657387732962	10.828211635620681	14.279318793570898	7.098933466971649	12.50509692251329	13.026338438651889	20.664624419197956	12.303470002789565	12.322484781590688	12.303820181176214	4.679495927789162	4.647038331850552	4.653277965616477	4.66902974027786	4.162705680118425	4.640952904349943	7.8311693882271625	4.652151095712025	4.605837174263758	4.6137150419269615	6.438489738993572	6.456343890293198	6.424439565393415	6.444367720158935	10.464110922752278	10.827447975680762	4.127359884147791	6.566608263169928	14.829769743726233	19.141549159622407	19.07748221586329	19.116896193271934	11.733187926976662	11.691524443560805	11.67155029202219	8.120042671195561	11.6929071840189	15.015224548193576	11.641475966303345	11.617515296334599	11.660753015071895	11.700655492104252	11.702282784640547	11.752957480605907	8.502673369473985	11.72901839473828	11.761318579450027	8.524226182583229	8.474650117132455	8.474178278202547	8.480929999960342	8.478343923376066	8.476671425212178	8.52879341718657	8.480165277647542	8.43663092959822	8.367425910120314	8.397370544786995	8.436542338623266	8.350941442190777	8.439661111083634	8.41385445444167
0	12.649739199547128	14.188967600817637	14.370515312677435	14.039347958587035	12.505100776743083	11.687679364308554	7.914857337012158	11.229481980591114	12.322479964397415	11.228117440356403	4.6788736161006526	4.647058069728119	4.653278164610714	4.669057603878852	4.669146476696439	7.836710092693926	6.350566127434264	4.652102706201759	4.606759596086077	4.62279771830282	6.419209382298215	6.456283635956785	6.424904769053261	6.44455107024995	6.451627443083232	10.827416946396646	7.205911133289551	10.86776856496737	14.811785226187729	19.141646599302714	8.099417577003768	19.116581726108567	19.07156261239864	11.692024471147404	6.581571896871099	11.718183895547527	11.6929071460875	11.667872830533886	8.14576114564161	11.617130122304971	11.684764792844001	11.689521064538845	8.343404715202983	11.75311130962612	8.502687481055561	8.498981468200297	11.761284291585001	8.524035686502774	8.474966631415956	8.474276977593943	8.480902515594204	8.478193816776662	8.47656575527824	8.52740744690499	8.480089441678546	8.436783517875934	8.34231118817455	8.397366004868498	8.436574732609742	8.392110530644322	8.439391832461334	8.380082248074796
0	11.705878611451851	12.783061452610458	15.055034390378763	18.713159857451185	11.678367243977995	21.61301958738835	21.82874803297856	11.548927015059588	6.0294339144675755	18.07475214394423	4.6795242968519455	4.6471053500290465	4.653331931335831	4.668922540611584	4.668899651562189	4.64100598662421	7.831228854638377	4.6521209877685035	4.606878570336862	6.407412433666999	8.333267192898548	6.456742875048262	6.424613021817531	6.41915258495087	6.451519260713322	6.471526451266805	18.942527579011188	4.124590623854484	8.00627369550843	19.098029109635068	19.0943783331344	11.706487110351238	11.693992225567829	19.071997621760968	11.671552109150385	11.718192064536058	11.692907161174922	11.667869700221498	11.641508212661288	11.617513452566472	11.684761229825181	11.700666571231253	11.702304136569614	11.732660064264161	11.734960451269208	11.729039076748352	11.761306440502	11.681256320817413	8.474631431122457	8.47395509730881	8.481133427580074	8.478333279838125	8.476971752244612	8.528821844556115	8.480123566437474	8.436574493324581	4.137837167781615	8.397376148809398	8.436175092166495	8.350722620286724	8.398012095640384	8.377351204024897
0	10.846540535133956	14.188984999478965	8.066542954960674	12.737008053782384	11.639742384458708	6.135411282667159	7.917372592494877	10.91654576888843	12.322458617876041	5.9865218138437575	5.09303548971231	11.244515796928379	4.653280052004327	5.002296580850322	7.840905978570425	4.912651811114052	4.6549553090047455	7.83244825872493	6.3840887304458125	4.613583836734841	6.438740420959668	6.485832042274632	6.424539198229309	6.4443606607113	6.451520409889926	10.827392614877459	6.468213899450733	4.1245740958147	14.829689574086593	19.098248947856664	14.91327831332717	11.70648769095905	11.693992121624815	11.691965408154909	11.671634412412413	11.718191130829913	11.692940707795568	11.667869982592313	11.64138539042147	10.708038889505035	11.660803762805147	11.700342012154819	8.383647827853919	8.427352604522454	11.732025163964078	11.728993240340573	11.761307086069221	8.524009734706443	8.433613984980921	8.474307027288342	8.481136292577355	8.478443227577335	8.476721209714801	8.527470065713526	8.480123872262379	8.436756083214508	8.367408408946504	8.397568842386384	8.436545736355697	8.350728658036168	8.439675054229513	8.413903359220626
0	14.187573135291343	13.887517094236905	14.385394727253303	17.582944995106054	6.9941572893783235	10.73753046246721	9.783931269499659	13.943411822848608	17.864582318157964	10.585830791244653	17.217191213993424	14.369775355216813	17.281580503857597	17.347790112385287	15.702574165664137	15.703967063527287	15.705178056693809	11.705640725256789	11.584962385004065	0.24939264400927227	7.366073217595508	11.411513370751997	11.420857099251467	7.365806804894278	7.343309569561837	0.13600557390363793	0.15252478061126287	0.16366510711183158	0.16262808104863752	0.16341208440063115	0.181821171668419	7.3345935884801365	0.15779868703005934	0.15798248423336922	0.1607495782282633	0.1594172075073594	4.861279658216268	0.13514910171397027	0.11946793050369907	0.12177789051604494	0.11662272291936548	0.11714314934342987	0.12310526079469641	0.1268363362900763	0.11451265821834004	0.13609270033077692	0.11609886086511022	0.1328071364380407	0.11620205207636641	0.11439055342940209	0.1151661534708308	0.11443342898292552	0.11402861741725498	0.11234621083017025	0.11130416823237801	0.09883353053252862	0.11582872166358803	3.637305791624828	0.10446390734313139	0.11062181995901542	0.09273123688465904	0.10454365141477502
0	13.68370943799969	14.188967568386717	8.063576177335968	17.58278050407124	20.487747938822768	10.733894386243232	9.783869432249814	13.95819088108695	10.61916253237468	14.009340713415503	17.217208294573343	17.229757269153048	9.984997255733843	20.32389697175665	15.702577274410663	15.704085608101073	15.705232199407364	11.705545868582824	11.60697690357685	7.343764778881646	11.415892279554	11.411606111265254	11.42087294070109	11.464775534028556	7.343711866229311	0.1494570690236193	0.15251533095900313	0.1637344542267442	7.367585672259436	0.16346321885561702	0.18174383082909298	0.15755262126897523	0.1576815729769138	0.15798366523904653	3.8140820710659646	0.1290638072555503	0.15966861176256428	0.12553374032681114	0.11946282253285571	0.1219335372168884	0.11661684846581352	0.1171535711306606	0.12307528091190584	0.12687454510222593	0.11444770313438155	0.13625546189988522	0.11584917457409183	0.13260459471060004	0.11623621559188915	0.11439056843414586	0.11493661569021997	0.11438137057772929	0.11403206095028524	0.11228017174501069	0.11127878485341486	0.09832407515299958	0.10949924955142566	0.09624370040964401	0.09659536335651657	0.11062180545944385	0.09266142559636013	0.10451237008233481
0	14.187583958061518	8.354247104685795	12.522441979864698	11.52082700607145	21.42875486176308	15.064061995432358	11.903279788225868	15.128478936201782	13.920904404820645	15.12790993559556	10.040255559209882	10.02307191245631	10.023035579675998	10.02854131128153	10.028645798536695	11.847332339899594	10.022702366517832	10.932997546209823	10.001490061270417	10.007400874289331	10.969750078298933	10.99053902900892	10.971777028163393	10.97878575150159	10.990082060435697	9.800429885324366	10.995613110916358	14.65524218743959	14.689172880868087	21.100517650168374	13.911874413504167	14.694848008067872	14.68601186171326	14.651478253817734	14.67022134085891	21.033712083265435	14.68614920797322	14.66712671329474	14.643926426488193	14.623763054346952	14.67835478276978	14.681772965782704	14.691214910798038	14.704346309990651	12.299840243658386	14.712217984656636	12.30166303106142	12.312729486150687	12.278703072522758	12.2780637705167	12.282742776874613	12.281022707629432	12.279824950475424	12.31593438320332	12.299665303751034	12.254028206469005	12.205134082516537	12.227195281304187	12.254468159441162	12.223725188958877	12.256141300979442	10.63122668425023
0	14.187573804038985	13.498981108156132	11.451910265561779	18.59581806568054	18.52760203519441	15.377401063525209	15.255705152674045	18.71770154675285	15.260754940989877	14.40620638317543	21.19430591354783	21.34987566232417	21.39641160408379	21.42204419034455	20.710810782124998	20.107972872253768	20.109462946992764	20.101701285826135	17.101897893602533	12.566997203691546	12.56435600753027	12.56338054283913	16.98079729665885	14.566247208890005	16.977870810830712	14.554116411933082	12.562036526601455	14.591787631774443	12.562289595412091	12.563382231957478	12.563804010119028	12.5642213376378	12.564341247932717	12.564637489227058	12.56521776983435	12.565126880181534	12.565062398788669	12.563465359077576	12.563414001480695	12.563339327437635	12.563092012528703	12.563326052863207	12.564190566105088	12.565434445125538	13.147530700110044	12.564845665757357	12.563291166950597	12.564174210192018	12.567221037451977	12.568110903426408	12.568913970362747	12.56890096325033	12.568704198946518	12.568580480744963	12.56859775597072	12.568929568060035	12.569549793315497	12.569994900082794	12.57028614754733	12.570186108906354	13.089776506763888	12.570686872392386
0	12.648299574969714	14.188967613647627	14.370574460697192	18.193822060860914	10.80858937288151	9.721709650166334	10.631608408433634	13.972872464950127	13.974806701744106	10.589087021315986	10.690028031911426	17.229785358556747	16.02696917942143	4.986427039099445	18.44832701412098	13.558176185404342	18.447684773861283	16.898607855237458	13.195606429004066	9.666232239946265	13.029824633921379	13.026784689421056	13.035081803089884	13.052717726151515	13.03126471061223	6.279417006236019	9.694191042929665	6.280800813066396	6.280162959389237	6.28125270301321	6.282461761080858	6.282018096838037	6.282155244685577	7.3502630777454065	6.28310810562713	6.282958521887559	6.2828903149334785	6.280440704417186	7.7639462611728725	6.280209994526887	6.280317693673251	6.280688645107511	6.281608201790899	9.513043646020552	6.280607324377068	6.282403083800254	6.28151424480045	6.281837853667529	6.284570444747462	6.285445918362959	6.286252379648832	6.2862330458109446	6.286025068259798	6.285896887901596	6.285904797228625	6.286158340570031	6.286777998074803	6.287173000927923	6.2879843142087015	6.287520626886752	6.28719706823827	6.287547705800271
0	13.696160691695315	13.805585083582129	14.370587922447593	16.743703450475923	16.88317943176078	20.43366925464822	8.41982059063651	11.335530508305984	11.527855351828485	11.539133022014031	4.679429520033227	5.165210230991843	4.653105487252874	4.669076557308941	7.837241734971218	4.641038856421409	7.831163950627705	7.832427471903132	4.605985045404462	6.407396303699908	6.419208629040557	6.456603882405952	6.424721638416587	6.444368469734283	6.451515511010835	6.471627883130941	14.809647910078557	11.65818909700788	19.041600492569277	11.699796772778056	10.74523703003294	11.70648001841347	11.693990538904464	11.691519991751923	19.067573316625634	14.98399389338616	11.710308001326112	11.667870691805716	11.641507917099007	11.617527160135456	11.660844195752642	11.700668918047363	11.702303094962216	11.753099373699415	11.735109186706381	11.729041346020567	11.76158077809595	8.524002914046658	8.47461920493492	8.473940470836247	8.480947526365053	8.478345108761365	8.476665032733944	8.52894549795152	8.480132248234161	8.436818142216602	8.342134882330988	8.397591013581199	8.43615481245161	8.350867998716957	8.439660803669698	8.413907086176236
0	11.260915309511956	10.827353191158183	20.54557833957093	12.737011556153183	20.08201819909731	11.21769996968025	11.542896483503858	15.257904562292197	15.277257840357468	15.30380434211158	18.231650674736787	18.342715375614556	21.55540742376354	18.446218533444796	16.91030348134619	15.674829013289303	11.843454327563833	10.022095974773816	10.001042995576679	10.96060197006696	10.980211089467158	11.007219298352812	10.971832459606041	10.985021549991794	10.99008062232692	10.998001005630462	14.003558294929391	14.65530829276041	20.977060208167416	14.687697579044496	13.911955476326725	21.06442072555772	14.686133424423055	21.03731255250107	14.67021781635339	14.707469658664039	14.671237892815387	14.667128800185758	14.643969506307897	14.624613483691386	14.678355679268922	14.681790001770318	14.691208866932678	12.248297595476084	14.71490454823608	14.71222614211072	14.739247030494578	12.312830664831042	12.278389098849155	12.278075857705387	12.282579357020678	12.280981099611147	12.27976027997621	12.315039200433104	12.282775079953055	12.254172345094952	12.219340973119648	12.227187573812488	10.650377688564811	14.518254199123303	12.255887554976232	10.631047953550276
0	12.648658014068483	13.528854946488174	17.815567411562313	20.833865872723038	13.828304305122577	15.379564480286549	15.269852180946057	15.24815032483587	18.719474836830017	24.587754029029362	24.39662485201557	21.34151077935325	17.919763372676837	21.42108686557551	20.10728236546155	21.41115133899765	20.109468194343165	20.10170619204223	17.102116630760644	12.566991480399848	14.564499056193817	14.563140793018954	16.980796564985503	12.56373468541043	14.55739260479893	12.5617086187157	12.562273247202638	14.591813607848646	12.562251302371218	12.56337566146653	12.564319897088218	12.564222289012273	12.564341671517044	12.56465474402503	12.565260108497863	12.56512657396072	13.127165716418105	12.56286450540077	12.563419980776429	12.563338445191704	12.563092252181614	12.56339536987966	12.564184863318197	12.565434421435732	12.56327004914895	12.56481729759872	12.56327985383118	12.564303907182845	13.381703182168817	12.56811172576192	12.56891357789741	12.568901143352678	12.568697413438716	12.568671384340048	12.568598198770587	12.568913257183166	12.569536986286032	12.569992982324115	12.570335843402265	12.570186048685835	12.570037995182837	12.570366050857462
0	14.187563174751197	14.188956528351131	14.370633961238111	13.962011492766026	12.50513857736241	20.437468382774902	20.68114265758974	10.62083108130189	13.98067068578197	14.009613123547991	17.1622997384851	14.377985545149619	16.023481390729803	17.34777864383417	15.702580944155015	17.353790742279426	20.42036754524237	11.751355151624269	11.60697592480974	7.322564815175332	11.415744902315828	11.412440537295959	7.319817333696531	11.421205567408885	11.416102550182133	0.14939017308088895	0.15249315523381635	0.1636649958720396	0.16272538468130798	0.1636876824838717	0.18171831418869538	0.15738941540751478	0.15100681054064247	0.15808962659699216	0.16068528413073116	0.15942441820610387	0.15963992734924531	0.13525213562831018	0.11942896185002232	0.12177818829013058	0.10914356699087295	0.11716487712687279	0.12303200626512047	3.7640449376127383	0.1145930223007764	0.13635187970983415	0.11585093307279556	0.13283112022915294	0.11621563898925456	0.11438158593028887	0.11497635689830052	0.11432993441629437	0.11389044200096071	0.11232657706972185	0.1113061843111865	0.09832038953448483	0.10210475526815463	0.09625276286166065	0.1044617314926399	0.11058293503416655	0.09265001117205254	0.10443427543178592
0	13.683710392445324	12.674433117598829	5.3249636466294	12.737027234577623	16.883248831229825	13.026245203742839	13.017408641809553	10.620830173027253	10.619172181773283	10.725016305420736	10.68993428385348	17.229865596163744	17.282375968857934	17.35100162980998	17.354424613807904	15.702043356040342	15.70524596375732	12.800878751043722	11.606967746145482	0.22607316039426517	11.41579828895164	11.411600785544621	11.42087193147804	11.464788476953444	7.343711843661145	0.14936247177161968	0.15253003947104185	0.1637587768255869	0.16262584294198737	0.1633816749409047	0.18175162029879713	0.15738929674661076	0.15767617627537736	0.15798814828785326	0.16086994391307466	0.1594089742953916	0.15966989941864543	0.1255378943145959	0.118963887165188	0.12177893766470792	0.11661581502557344	0.11733213378534303	0.12310983610300574	0.126953832876279	0.11450678343329004	0.13623593356768696	0.11583508215127405	0.132377470145138	0.11620881849186677	0.11435784172832379	0.11491260179225328	0.11433623673672402	0.11388869262850733	0.11235412170043241	0.11130177239912173	0.09831983863715082	0.10926637174973183	0.09627595689463303	0.10446657342885798	0.11062128441660045	0.0927360785517121	0.10442013508884257
0	10.849362773852059	10.827318367416236	14.373525114233361	18.342875127727922	20.487738749714055	9.721577329705518	14.71653990421069	20.65388553991409	12.322450107103975	11.230996214123369	11.310445148384268	5.179659202138357	7.856046079568907	4.669071249642516	7.840897437957121	4.641039149524146	7.831227833847886	4.652153948949751	6.38408758143573	4.613648446000914	6.4384334121520626	6.456606916622209	6.424833368705372	6.444364217971072	6.451548244102058	6.471951963698954	18.942788562772563	11.659100094527433	14.829771370820609	11.699730925230977	19.09435315249176	11.706487994571651	11.693986462524771	11.691981284391053	19.06782332964898	11.718191787936581	10.798576652392368	11.667802053865199	11.64148687275409	11.61861796624782	11.660803317514915	11.689526686605491	11.70228052531219	11.753218715033025	11.732119818635363	11.729022871514724	11.7613070172573	8.525621888404544	8.474986777388663	8.474370831947198	8.524542095487776	8.478807382839227	8.477097230915728	8.528005131885983	8.480364357197166	8.43662460426878	8.367363069804304	8.397367891011154	8.436068910383442	5.83038118541068	8.397724148666407	8.41389411746063
0	12.648296883266411	12.675439276189774	10.725794148553351	16.743633581156235	17.72207764433883	10.737508915196198	14.717694007909213	10.726533690785459	13.974430488141756	10.589229822489703	15.383104837469089	17.229787752048747	17.2815128879958	17.346458772076282	15.702590566847979	15.703967938425448	11.770324522904842	11.705488299498759	11.606975907154139	0.22609341997909954	0.1640120076002711	12.146166793724095	11.420480588111625	11.464751813143877	7.343715245020084	0.13522593603540836	0.13616119071922628	0.16376503541147608	0.16272218636591726	0.16337709518571364	0.18172430319797694	0.15739062761788	0.15772590130627212	0.1579854642625845	0.160736538122311	0.1594068889852951	0.15966853450585122	0.125521498215611	0.11941748140683692	0.12206732069690668	0.11661694912398134	0.11714659286513747	0.12303384782451827	0.12686904533713142	0.1145347411503783	0.13616297877703726	0.1158421100538506	0.13213983311362448	0.1162024351003738	0.11438890528390544	0.11492380270424164	0.11434759935503766	0.11389292596647786	0.11267970713341405	0.11123348144334697	0.09845821503321846	0.10964087059251114	0.09624769508256531	0.10429408436736683	0.11061256963195913	0.0926593372495637	0.09623144775457317
0	13.480345809817416	14.502967645588303	15.055083167386561	14.839554701042879	18.527418739039152	15.06365382577076	15.05337069556636	15.274754316265911	12.323103585536147	11.122836431081732	4.679455226648365	4.647029577719214	7.856090248712707	4.987291611584966	4.668813220354476	7.84062341567492	6.350691768621423	4.652089248027656	4.606710371692723	4.61364832276689	6.438439743193913	6.4566317340963995	6.424915790320547	6.444367158734249	6.451438074899272	6.471931217569042	6.468514853729714	6.5666175457118445	19.04142491151218	19.14159507821244	19.077280184204373	11.706490506274866	11.693992522288285	11.691535770975506	11.671549278618354	11.718202129701911	11.692856868218023	11.667870163694237	11.64143392508586	11.617937249945511	11.660805274813391	11.689526753308689	11.70230261519458	11.753093646977424	11.73188854789295	11.729077294016845	11.761304740111688	11.681324667216677	8.474686269004696	8.47424584836896	8.48103619904605	8.478336570542085	8.476369528383266	8.52878474402759	8.503770667239575	5.885855638881247	8.36745192894962	8.397224548422937	8.436513667069136	5.867616462394088	8.439626219191762	8.413966913115075
0	10.85029728375227	13.80365002829014	14.364908920756038	16.08990651166322	12.505465288251479	20.43280727849351	10.616461845011008	10.620154788987861	10.619746791839376	20.685181299695618	17.217185355266082	17.205887697402886	11.771993561720599	4.669037058356157	7.837511370713412	4.912445133388996	7.831233472725426	4.90946900239257	4.861522349615372	4.6136400407167315	4.949177054454552	6.456800833940817	6.424966479720606	6.444367492041275	6.451517762521698	6.472266928162464	10.824624730724798	6.952330422274779	19.041452801244443	19.14159320195407	19.07768025503167	19.102479437717143	19.071540195035393	19.071993963318235	19.067496804799706	11.718191947212075	11.70638197983758	11.667869365127087	11.641429787440233	11.618610180081259	11.660804988693208	11.700555476558426	8.383616105081405	11.717900895737321	11.732185152502188	11.729022203242408	11.761373709817178	8.524337827224002	8.474975211367065	8.474243491785412	8.480940163671582	8.478513515595221	8.476442883037365	8.527415355694728	8.480236280607148	8.436723775936976	8.367449294712971	8.397394039363364	8.43617356333255	8.392038079868513	8.439646199448797	8.413873789095733
0	13.683711785921096	14.188969671173636	16.77266709753094	14.039159440901797	13.766088744674189	8.065643744109924	8.052747563594332	13.972969363278732	13.977421637804971	14.00964242748125	10.690030535038042	17.229774936193046	17.281560867063263	15.678018676561301	15.702577489639436	17.353804291720923	17.353573733615995	15.688410202990928	11.606972931308842	0.22650867966355864	0.1643582544527366	7.3617995096054765	11.420926878834658	11.464767943214413	11.416566504963935	0.13589869263057977	0.15248417584996807	7.381357333164231	7.367479039848149	0.1634702318984706	0.1820136350528633	0.15748125860362666	0.15748640094378819	0.15793099855451306	0.1606278632912039	0.15941038407985933	0.15966333019842954	0.12551686836287979	0.11936385756609312	0.1217778318564446	0.11665581059706961	0.11716017742301867	0.12310354156033945	0.1268702736078223	0.11439550258826396	0.13625949754790925	0.13135655464592075	0.13280173716409832	0.11620556123654698	0.11428368628183964	0.11484647675733964	0.11435210686474932	0.11376891237647856	0.11240754337212164	0.11130842944401195	0.09836584323581767	0.10949177426414249	0.0962504508247218	0.10446448899565944	0.11058681345495966	0.09255888601629739	0.09621893753282529
0	12.646768062251981	14.188959413019685	15.940522931440196	14.039152804424246	10.769315016837192	5.042695177673338	10.70262155802927	10.916544276734236	11.23439273929872	11.22825563034295	7.91632060255486	4.647103083352675	4.653247688683684	7.838608985577055	4.668778989489847	6.350593374622515	4.654837912857551	4.652993326300819	6.384050767888834	6.4074414442125684	6.419203395791238	6.4567914358986505	6.4248172445194625	6.444368484445648	6.451555338535525	6.472077116200056	6.468343803450161	6.566617352273348	14.829887990406629	19.14158346728666	11.706205104738363	19.10249218287104	11.693949248312364	11.691526304662641	11.671624901657838	11.718191788674618	11.692902914423351	11.667870211842484	11.641503533081018	11.618523581677298	11.684763187825876	11.700745216175484	8.383614243405615	11.71788704928683	11.731887669068115	11.729012557506376	11.76130794526806	11.681395482015747	8.474619091132169	8.47431709279444	8.480947452156949	8.478441388402986	8.47666450186618	8.528793065569603	8.503797601906932	8.43670558280646	8.36743207103253	8.397257347199282	8.436593574742448	8.391995783721391	8.439660427548977	8.413930946898153
0	10.846883839640187	13.844972797373961	16.64510040161383	14.03937540432973	20.081473626691793	10.642929225025362	11.543174209827963	11.549130204781267	15.277265728220238	11.537405629007097	7.930587073291091	11.259373692776755	18.40519551511394	21.5094090469976	18.4357186012113	18.44561011628772	16.912848416605794	18.484516969148086	13.195602502399614	9.666233043647019	18.415933080337037	13.026031791668101	13.035084444089085	13.073460579153856	9.666483952787699	6.279413963469776	6.279778041773538	6.280785017790824	6.2802068115937875	6.281252694751908	6.282458172153126	6.282022261009991	6.282141169828574	6.282462422461457	6.283044380665628	6.282952065557702	6.282892795473995	6.280906959329252	6.28079728544365	6.280743292709662	6.280448286092782	6.280687286801217	6.281601581233011	6.282889990221052	6.280606194980063	6.282372543378873	6.281515067409899	6.281813781104482	6.284573329532016	6.285445830602825	6.2862524819619985	6.28623259740945	6.286034326841189	6.285893622367661	6.285905472639758	6.286120012384697	6.287177812645427	6.28717544385682	6.2875187703119275	6.287487055801362	6.287192924934163	6.287933757490967
0	10.849373535715154	10.830187974879976	16.614473774803276	10.838044206121266	10.977107732760656	11.66530831757133	14.690576718403662	11.548771773316995	11.248403906821775	7.9531388522933995	7.91634840592217	5.188512907135543	4.926314650420405	7.83852743221456	4.668807413006544	7.391819267110245	4.654915630500836	4.652270163760532	4.94873134316011	4.613633397842536	6.438569958495922	6.485925316244972	6.424662864813288	6.444367429769474	6.4801077084283305	6.471953853242938	4.127876862325236	5.02710591501604	19.041350901051672	10.805636321571013	11.706211168392898	11.70648571732503	11.693996594742579	19.071993110080516	11.671624546096735	11.718192874781563	11.706481746376243	11.667868338669852	11.641459639166213	11.617522941246287	11.660804751376867	11.700611312581533	11.70228262716053	11.753177204655152	11.731859755600416	11.729046412463672	8.523646054610335	8.524513074098202	11.58153739156555	8.47452018828597	8.481784732747053	8.478223950975575	8.476655842993235	8.528984726078253	8.480129507135855	8.43678218973338	8.342059321364578	8.397369043810716	8.436562707684736	8.350815407765582	8.39780267632796	8.413911574409523
0	14.187573143874301	12.674438102906942	14.963546147377658	18.59598690632697	11.266952146979703	10.644481923892656	7.757626168023928	12.307137216187932	12.323648851620156	11.230490684119214	4.67946057762427	4.647256211567521	4.653292929884847	4.668988289984179	4.6688230405851385	4.641050770426491	4.65495639341953	10.902712516555669	6.384087554185552	6.407411335079342	6.438343498531127	6.456173812803099	6.424960204246978	6.444367635475774	6.4515181786399936	6.471834682268851	6.4685181834414305	11.658204120580168	10.844232741555606	19.0984741591717	19.07724269232699	19.116560303660783	11.693994367112213	19.07224599557726	19.048490154034567	11.718186152911624	14.911523902769648	11.667868024604985	11.641497964775999	11.618585502129525	11.660799976656945	11.672140337567066	11.702283326426505	11.753062950210534	11.735093598904616	8.499002478488201	11.761309218795596	11.681256418575877	11.581546642374498	8.474206184602881	8.481775783193568	8.478373662942372	8.476710997091216	8.5273021829774	8.480116740682824	8.436689892464383	8.342099739063963	8.39738165570116	8.39036089396431	8.350570237980694	8.397818536380143	8.391279791593524
0	8.361204754711103	13.533069534152489	15.054193160517547	14.72309895529366	14.64016775196509	14.734290441460908	10.702815853701834	12.30725571293212	7.961136009801647	11.518469600505993	4.679069919142731	7.873531633555245	4.653110833047866	4.668998380469082	6.3712412211131175	7.840590801728518	6.350922187465883	11.704568351928414	10.723887323562726	13.82277451058523	13.029938529690577	13.026033827263127	9.67781828954502	9.682038795323837	9.666577383501888	6.279661524191415	6.280186605450334	6.280817989550996	6.2801116568142055	9.608024499904827	6.282454646596524	6.282022311193543	6.2821458734934055	6.282464155867422	6.283104671744053	6.282949832466711	6.282890431326009	6.280926486335154	6.280793902361291	6.280743938888177	6.280448001601978	6.280771893674852	6.281601776871082	6.282889711914859	6.280607033321416	6.28237071960608	6.280637207089715	6.281685310141478	6.284570480025972	6.285445650997206	6.286252482302712	6.286228716255402	6.286035230975238	6.285899173961165	6.285904723313634	6.286118434409629	6.287177702369897	6.287173764758559	6.287984096194779	6.287485803431031	6.287196672200481	6.287550119669076
0	14.187573195321733	13.794655363006855	16.614482298214924	12.737050411512277	20.08617793882332	10.75348512227622	10.631627094907218	10.620376248939623	10.746285926992512	10.589081211242533	17.22090046429728	17.229758081477264	9.986739332047158	13.68404692892882	17.354350271083575	15.70332227064004	20.528326475654325	15.689564171560518	12.839642618989531	8.468784044178305	0.16403681692710564	0.13710314677320423	11.420842870261628	11.464673866382	0.1393848584854335	0.1494615662015409	0.15248428087866003	0.163669731139046	0.1626116456594324	0.16338003806862794	0.1818237650918623	0.15748140693612384	0.15771497019372885	0.15798481496830719	0.16069765455159152	0.159451881125802	0.15964988937636207	0.1351616998737619	0.11944772409996547	0.12177863502041227	0.1166390863175288	0.11714689246289423	0.12307695225482941	0.12681796028187572	0.11451429625889441	0.13626225037754888	0.11585165291835256	0.123951486140713	6.877024042837157	0.11438702026600159	0.11493916560204862	0.11432732895342652	0.11388657250635359	0.11234911772861138	0.1113072815906945	0.09832365263275808	0.10948359344546599	0.09625354533621192	0.09685794984905571	0.11059949012863744	0.09265503223714545	0.10443044073381344
0	14.187573298354762	14.188958472572105	14.72832626618666	16.74365484691669	13.563798491407562	10.737529831529995	14.720704396503805	13.972856684881553	20.65322509906611	10.585937690198227	15.418654696281118	17.22977034127459	17.28157070317089	17.358695363295972	15.702577348921661	15.703969139272091	15.705248624398097	11.705464787401024	11.584957458831767	11.53170100872813	0.16409018728249908	0.12058490986444213	11.420609365227861	11.464676908588647	0.1394609559628766	0.14953205211308937	0.15329456151960116	0.16371281993635567	0.1625562825093934	0.16337841068681846	0.18167021022928784	0.15737393284596995	0.15765966252849153	0.15798391664613565	0.1606870238196504	0.15921301901867568	0.12804105367273463	0.1255388590408159	0.1193504633785566	0.12177883696765708	0.11661628230831728	0.11714732306918875	0.12302292344537394	0.12691247763898653	0.11447885264920304	0.13625896120277659	0.11591986757993311	0.1327298935330651	0.11620651368480156	0.11439308991338604	0.11492831460186186	0.11432068900045574	0.11383799604183306	0.11234584834084808	0.11130509056984723	0.09831120359272616	0.10203684387294608	0.09613072172625693	0.10446530720350732	0.11063816027281043	0.09273451111489059	0.10442881647794923
0	14.187576575271104	13.805644569163459	14.368971835730893	17.58396753372124	10.808569499320294	10.73754468548937	10.631646266528227	10.604037778435922	13.974304683958982	10.585925857928338	17.21720748695993	17.22977296848357	17.223646786071555	11.786081391369123	15.702578293461222	17.353790734690868	15.70512457699902	15.69124139090259	11.607018819746227	11.531699594052837	17.31742864266134	11.41153115816393	11.420872689485273	11.464729455369778	11.416100509406368	7.332914353282248	0.1524168193419139	0.16359824212344246	0.16258032877312087	0.16338071192623663	0.18185153952779584	0.15739372995430992	0.15766938796981506	0.15798490400847642	0.16061349142854386	0.15939347183011124	0.15962363343476593	0.1255547142796234	0.11943572208794351	0.1309744822544466	0.11661904624118603	0.11714843114416795	0.12303536940351284	0.12686983433451002	3.8611712843235133	0.13622622235981113	0.11590922228147839	0.13264273122240297	0.11620390450969743	0.11438079267148454	0.11491747747660479	0.1143311990089493	0.11388521844184908	0.11234983501219782	0.1114300651415916	0.09831794626263393	0.10194980159680121	0.09630568914297022	0.09683057202164277	0.11065622839555757	0.0926850094619107	0.10437921687800956
0	13.683756068176555	12.701481017110547	14.034860039721869	18.213670877674307	20.082124422715722	13.019930405424995	20.66800864264846	7.96209845291867	12.322457726492976	11.230746071250463	4.678932224167227	7.900600089661645	7.856085543505236	4.669437726678546	4.668858490247883	7.836802726121308	4.909297942702415	7.83275810590658	4.606617379267694	6.407410286314735	6.41919158346463	6.485933269637424	6.424539563531786	6.444368769103208	6.451521598571802	6.471940429993684	10.824903930734294	14.766640553991094	11.70179220087596	19.14153875346221	19.077540528139252	19.102664995055147	19.071493357888013	19.07200413736537	19.047148827755883	11.71820356816985	8.20659853192447	11.667961135611886	11.641511810341994	11.618863102392076	11.684659982176782	8.404543859832135	11.702296764985652	8.38395237175706	11.731846699696362	11.729041444581826	11.761715232236908	8.525718378448639	8.474554061719061	8.473895605823175	8.480917136401084	8.478214698583496	8.476584114425236	8.527492197488758	11.571436531798785	8.436637266863231	8.36744343794351	8.397532253131	8.436517575403037	8.392032179839868	8.439660813535708	5.833096387310662
0	13.438994701296558	12.868148804941644	8.91277162720228	11.478852497255524	11.26696350400561	7.905411533032832	7.917459233301761	11.094947844457264	12.323879164477042	11.51917532250604	18.155824788626333	11.259359034834775	7.856056425291567	4.668830211428808	4.668809173714634	4.911283152195279	4.239950493179107	7.832393966203785	6.384087589892404	4.613622991191061	6.4192065944452	6.485930031495388	6.424962629459452	6.444364961588703	6.451517526665972	6.472058719974857	8.040398581646558	19.029695926512876	19.041426704077267	19.141593132858738	14.932393213753134	19.10248706783282	19.07155178414548	11.691528915247801	19.06748795888169	11.718191953409985	11.67293466482181	11.66787039016146	11.641430187134008	11.618534199693821	11.660804158335875	11.689522107430845	11.702281419441166	8.427509284042594	8.50277938404066	11.729036785159442	11.7613219004636	8.524148357277051	8.474712780403491	8.474213132270437	8.523608233049332	8.478313606318281	8.476421775783296	8.52747990853626	8.480070288487552	8.436626580496585	8.367520796133737	8.397361978264149	8.436541042502975	8.35072832538591	8.398025739921865	5.833265014481564
0	13.683732410525252	14.188941671919581	14.365278376958557	10.776790417674286	6.973206595570653	10.733870947541899	10.631845941029347	10.621084032637835	10.600730165804142	10.589089069459693	15.452670879818719	11.713840172097573	17.28158769772086	20.32140874598417	17.354795218692363	15.703341642271287	15.705245153648406	20.529006776545515	11.606975930529817	0.22539293943789152	11.415798266495587	11.411523292722372	11.462271157324018	7.365978496131625	7.343018245492169	0.1352478587803164	0.15246817423888678	0.163633660368442	0.16284382345520176	0.16346016050998496	3.834108067136976	7.3345118997576	0.15761882338579591	0.15798513624699798	0.16082884324530958	0.1594068925695565	0.15967767830433785	0.1255499352183363	0.11942773558679515	0.12177616654568214	0.10921035858060937	0.11722617694710202	0.12299285222875811	0.12686876346654846	0.11464938182843551	0.1362799263042709	0.11574075596609047	0.13280801865086236	0.11620851595634372	0.11437346955888841	0.11493471578606014	0.11431875764260929	0.1139139803020291	0.1123466829052907	0.1113050346221124	0.09824189659606967	0.10209193964817288	0.09625076256878021	0.10453749138478419	0.11062058983616269	0.09268231600673718	0.1044671228692192
0	14.187564555543425	12.67442598458772	16.645094428539277	16.74349587784419	7.699507826908255	7.90541949738862	11.157850149816635	7.962052165483955	12.32386347683971	11.230812646683141	4.679566932435035	7.900741291530744	7.856118838266056	4.669109270313114	4.668829377787967	4.184431393844648	4.654080579315236	4.926328320663623	5.954646733833962	4.613840837446725	4.60543979949988	6.45627864183722	6.423560919689712	10.825784236035725	6.451528617239707	6.471838364500661	4.129660718932606	6.566732149832128	10.844287874961092	10.823377866855697	11.706111527448712	11.706213551609133	11.693991793160823	10.760511795963083	19.047053488236376	11.71819170050308	11.706397939830726	19.075770227268862	11.641505448056929	11.618632782579187	11.68477326890468	8.404537742451616	11.702278896043898	11.753114734495838	8.504006931436866	11.729041448000242	8.523373958017636	8.525223809551932	8.474650622153352	8.474189193801967	8.480990827762191	8.478216845822924	8.47671118707351	4.104142366320172	8.503628748027472	8.436802151015517	8.36740202983383	8.397477103969079	8.43653543690514	8.350573732989986	8.439598662196428	8.413912400500783
0	15.232860954138012	13.534110025468589	16.158144826609092	16.743413765069313	10.7692964461517	14.401125111562058	20.66805374667438	12.30725604845763	11.33984622094158	11.51538757341536	5.09230515987472	4.647244751986398	7.8559338268622305	4.9869227091970165	7.84087956594463	7.8367595687259985	4.654998059310205	7.832784672235527	4.6065542810618245	4.613655083315826	6.419333839327732	6.456575545358181	6.424799126710824	6.44436913574982	11.543727645414421	6.472022304617611	6.468513471840327	8.021740844631431	14.829771198001591	11.699545035784173	11.706207643310803	11.706490512751643	8.117150302143502	11.691525060692735	11.671651900294192	11.718191736995973	11.692891122290952	11.667869988249034	11.641429369061825	11.617524307134625	11.684665491220553	8.404442806153348	11.702138849553783	11.753108444607992	8.503940221426959	8.498764833842204	11.761293942895199	11.681250036201801	8.474540429726106	8.474177826363768	8.48157933143351	8.47894724068172	8.476675513802302	8.528786600594172	8.503759303141674	8.436806593123611	8.34222699991949	8.397352801434145	5.869816199654873	8.392044977293898	8.439657416431809	8.413913192539551
0	12.649730967346573	12.674408049568191	14.27933959891471	12.73701268161569	16.883144515333736	7.905436154678531	11.543174219542895	11.548992735746356	7.954267063482772	7.952997653087355	4.678920681437938	4.647123005098322	7.856049685614906	4.668999118435255	4.162592521103145	4.641132019883762	4.738889823363142	7.832779329529639	4.606761552169142	4.613642307453335	6.419232559801584	6.456641873230461	6.424679153983134	6.444367812107821	6.451518917217671	10.827713455064005	4.127885554949484	11.658188506273437	19.041436713786357	19.14158833391074	11.70620956363219	11.706595152535947	14.959693013035421	11.691522338832817	11.671643241656245	11.718251548210453	19.070999955592175	11.667923353478027	11.64150099325247	11.617488241036432	11.660943407017278	11.700667856698981	11.702287465095297	11.753112640325853	8.502778070956326	11.729051666374042	11.76130625051274	8.523939064256208	8.433578150210499	8.474341490457183	8.481054558072513	8.47822141416273	8.476587354894288	8.528824891166474	8.480123239486037	8.436670153174976	8.367448769178235	8.397384374391022	8.436266986923561	8.350724283505937	5.796014729103649	8.413899023963713
0	12.64677566010355	13.887403960011271	10.722333956138268	15.658037093317272	20.498649403481856	20.433630433910952	20.66768319840003	12.30728991337684	12.302508784943688	7.961075041526757	4.6788628147170535	7.900662232876696	7.856260375548779	4.668953805678089	7.8408958541453355	7.84061871090075	7.831082650590913	6.352886408979529	6.386055052670793	4.613678919672571	6.438455950203752	6.456282405047777	6.424961278779564	6.444307652508411	6.451518012297555	6.4717007169123955	10.82488011288713	14.808431769609635	19.04138309754259	11.699776890018073	11.706219419040218	19.10249620174841	19.071565811029036	19.092211461233706	11.671609800358224	11.7181368339829	14.911473811734915	11.6678666410351	11.641502640528588	11.61751534047349	11.684762041396482	11.700536647729312	11.702250577023545	8.426692965728407	11.73189215393424	11.728984585755061	11.76119034449943	11.681376978409807	8.47460136405868	8.474196229277997	8.48145791504576	8.478896424411435	8.476589448247385	8.528007453483976	8.520041370808638	8.436653957523534	8.36744673801132	8.39744234840927	8.436163023825902	8.350725916289994	8.39778155415723	8.413917184738148
0	14.187572799327306	13.528842415107288	16.61454571278391	18.21418328001151	10.808619933693368	10.753187055022275	10.616509046067351	10.620182301981737	13.974394552954346	10.722306555897815	17.162011258248675	17.229770686968255	17.282551487369474	17.34645697191436	15.702575196918353	15.70317931381253	15.70523689822454	15.710996844331259	11.584957605727231	11.531699081688718	0.1641816132287432	11.41237662452385	11.420875535141032	11.464699461885765	11.416434210875192	0.13523322895228732	0.15250144942362914	0.16366967782461647	0.16251671777583815	0.16338524746475575	0.18176502208722978	0.15743142079566927	0.1577140928767372	0.15798154035102321	0.16086162554593805	0.159438217521223	0.15964581213188975	0.13515868023805686	0.12852448373325293	0.12177309165049331	0.1166172557145193	0.11732231299073738	0.12299762401013598	0.12676019911146125	0.11451251477303025	0.13621416998123434	3.8634918250183246	0.1326547191697563	0.11620689729498679	0.11436889388400945	0.11490264990013671	0.11430016229648783	0.11388295196028889	0.11233574550537366	0.1112962869339889	0.09840431572600841	0.10956396314761815	0.09624536644716168	0.10435329071017267	0.11062041160954782	0.092655724287321	0.09633195076513885
0	10.850307936376336	16.01865361342443	16.61448546754569	22.28210796521702	10.971650680444647	8.407226678684633	7.914821397845255	12.307103147301504	12.318939217097688	11.230914633660932	4.679085970327385	7.900775035064598	4.2290904812510455	4.6688961444864825	4.668817655743662	4.641056777489348	7.820295115894558	4.910010588543401	6.384030014151483	8.651278545280494	6.418880846941813	6.456796281162867	6.424526902718325	6.444354959019501	6.451518302644369	6.4720561951148765	6.468518019243455	14.766673682460615	8.006314576193237	19.098723132311655	11.706213500577277	19.102469746932186	11.693992113785926	11.691530781129751	14.986337880919248	11.693676782014869	11.692908385506597	11.667871238747495	11.641628389131993	11.61751301077483	11.684633226733045	11.70068558636406	8.383615777936013	11.719253059826398	11.732224106995394	8.498768668982633	8.523376692342593	8.525778961134499	8.474669885756779	8.437859221734524	8.481446906990392	8.478224675728077	8.476672467965395	8.527841169108019	8.503751910476124	8.436808147523859	8.342067196104876	8.397477038845052	8.436109160705264	8.350734630106828	8.439660666552813	8.41390409327448
0	14.144408054185856	13.845636672390189	16.614476545817286	20.522459245724427	20.487754276516778	10.711201621134183	16.910556070671927	12.307082955126917	7.961093153884635	7.95341748762265	4.679721364424662	4.646979235225123	7.856118295689049	4.986143711042652	6.341661782955636	6.350551908839718	6.350702491440397	4.651994530338642	6.384338324959053	6.4074105929868725	7.288028196502665	6.456604561397267	6.424515018191597	6.444355315361314	6.451518953500194	4.144890586749364	4.1300505943402	6.566614214171569	11.701791848407794	11.699846270617304	11.706208094701248	11.706487001731574	11.6939930225856	11.691520420129846	10.751244050871762	11.71819045942774	11.692906203365578	11.667863239755084	11.641430101671068	11.617521180863104	11.660798073782562	11.700643191817882	8.383660655062032	8.42748816164652	11.73183918066091	11.729033907934744	11.761304233040457	8.524161523724635	8.474688333708913	8.474130167923477	8.480906720012744	8.478227727090653	8.47667136343228	8.529024238154243	8.503372955662687	8.4368615110437	8.367376091151161	8.39743276475414	8.436538754393565	8.350729960853444	8.43966200405877	8.413902379341026
0	14.187603071039142	13.805591000449404	16.6144128319363	15.657996676473745	10.7693016672843	10.733819969768648	10.616519188971548	10.604078031100936	13.750073528407404	10.724340939709874	10.690389485059963	17.22983200105844	20.388016328494874	20.325241185933603	15.702579420176047	15.703297044246812	15.705258074908187	11.705629678413827	11.606970438398973	0.22653708041595497	7.366066822618567	0.12146342064256552	11.420822623057237	11.464730805253552	7.343716566977804	0.13586835775888673	0.1524850287080237	0.16366616235820344	0.16263713606281388	0.16371104395345698	7.267180339513601	0.15739121027052227	0.15756354413375123	0.15798634167300507	0.16086205102459883	0.15954457874982844	0.15964802028330177	0.12556818630318314	0.1194328542655986	0.12177764075466452	0.11661434848467826	4.467900091090171	0.12302742519711272	0.1268807727969858	0.11450346769065524	0.13626124365790582	0.1164910004293251	0.12028740815794922	0.1162023382274521	0.11438968192855564	0.11487285378771807	0.11424150496536081	0.11388383919728819	0.1123441548645703	0.1113318721355163	0.09824828970230726	0.10208451594529004	0.09625089148825142	0.09664868156276922	0.11048819895020703	0.09265488736824483	0.09631945192395981
0	10.549046178078573	8.353852214797463	16.614512529227603	17.583035501718932	17.722072005788323	11.14772361759262	7.757619487608007	7.962096407731228	11.234162629419242	11.51915636551709	4.679453207637612	5.185431866461943	4.6533020517916	4.988716808159079	4.668709853980723	4.641050506261626	7.83124113655381	4.652130748290052	5.9546426552426315	4.613614531363894	6.43840303865955	6.456289874506749	4.628355129510082	6.44419545968561	10.866956806068643	6.471961587381589	4.127865291057576	5.026986361547679	19.041439901544294	8.000720315376203	19.077501020685737	19.10248285701621	19.07155119926519	11.691527109300145	14.986336536422499	8.120157868515749	11.692836718691517	11.667873894897545	11.641430825916945	19.067011868959103	11.660806431197443	11.7006662476496	11.702273408681325	11.753114134747983	11.731709580698077	11.728873243727334	11.76130765247253	8.524117332336223	8.47466592638823	8.473946262074636	8.481780614862275	8.478789447021745	8.476662225340672	4.1107499159782845	8.48012530598915	8.436659327915821	8.367450488111643	8.397359146119474	8.436176548389925	8.350602807123023	5.8272588595775865	5.83323726276826
0	12.647972362740306	13.88740502542642	16.645095143384374	18.18693115648267	10.769308524820714	10.737522337326036	10.631629178766714	10.620149758044766	10.60381176131613	14.009684088648282	17.217196927680586	9.937861984965718	17.223665548364064	10.524261116111663	17.354398883626622	11.770239154753082	15.704002880546891	15.688339478648585	11.606910924906739	0.2258331929908985	11.415840432123431	0.13711153321675212	11.42080392154004	11.421205041672945	7.343122319195086	0.14937206486349272	7.377201530897579	0.16368256451042612	0.16261506628523406	0.16381830386080093	0.18178049106022615	0.15739210942695855	0.15766715939726877	0.15793126895749462	0.16101180547684446	0.15940581567053874	0.15967598998144755	0.1339313696948933	0.11942608145295824	0.12177782479832497	0.11666459690088532	0.11714693366307875	0.12314171359811595	0.12708981446363396	0.11446087464453	0.13625799715772532	0.11583464213270538	0.13237375821885508	0.11620136761910348	0.11440119173029596	0.11496244097978212	0.11430287566478986	0.11389082642443657	0.11237557942296306	0.11131360365665721	0.09826408581238218	0.1020317699312481	0.09630435868593964	0.10446430851417329	0.11040095479255456	0.09275580019642345	0.1044089671633188
0	12.470679694616724	15.887175971240676	12.522830928307256	7.8001907807296	11.639796512159451	7.905432081822969	13.01786589645613	10.62024112423992	13.978176023408391	10.592522396290335	17.217230869485853	17.229827872536124	17.28242957290962	17.34776582070914	17.35336982880001	15.70371239484534	15.70507007793404	17.363275664467402	8.690462178975947	0.2265085847928762	11.41573587121179	11.412396945641156	11.4208734656658	11.464659303778625	11.416492781724536	0.14950965885980136	0.15248563934817197	0.1636645847199521	0.16262374476352146	0.16395570499015122	0.1818256704014048	0.15739088691901745	0.15772322414023335	0.15798395198459955	0.16086389365232473	7.304772468990581	0.15969049677068942	0.13517112592599595	0.11943805012846562	0.12177526398897763	0.1166237553791556	0.11714699702848565	0.1230376926511447	0.1268625342409444	0.11451233043914123	0.13634802326838374	0.13140582855448285	0.13232112973627988	0.11620119020197961	0.1144251389178226	0.11493559390634013	0.11436131390851581	0.11389180612904845	0.1123496682666281	0.11135682587071725	0.0987698552804151	0.10203600115863097	0.09625675883984386	0.09651336433756005	0.10400661867586175	0.09273844246504732	0.10448350744918718
0	10.852073152328465	16.018671515910537	20.545582933381162	14.038227281413123	12.505030127442302	13.020372312350599	13.019877345908245	13.943394504246324	13.97478670526062	14.00925651793707	15.430756405260395	17.229706161577642	17.281571625697477	17.36046775427295	20.344768046060018	17.35370623740082	15.7055383654193	11.705716900663713	8.690454480133042	0.22599971873621919	7.366137846082347	0.12147961018364062	11.420873294957211	11.464677979220058	7.343084028277797	7.332936092155747	0.1525849854965297	0.16365130486388954	0.16264170849364243	0.16335313667878004	0.1818394212271771	0.15752744067706698	0.15772568156549213	0.1579848064874758	0.16086630375077826	7.304945766873654	0.15964826897831363	0.13517603657204647	0.11944428924546004	0.12177766113366109	0.116576280037248	0.11731255116093646	0.1229835731822446	0.12679689324164092	0.1145400420768333	0.13626513951404712	0.11667887393645722	0.13278193329833238	0.11638733056571064	0.11439287923612423	0.11493434091407356	0.11438610877555558	0.11388849292485889	0.11234239230046751	0.11134845005061728	0.09824694976278303	0.10207412536578724	0.09640383683714643	0.1044704717969163	0.11060659108083155	0.09273494725638173	0.09641846951727685
0	10.847496581557357	7.908764527638163	8.063296352239613	20.507496974529182	10.360048952046279	10.733819420925204	9.783463048997026	10.621070018298807	13.97728759612845	20.68517100625828	14.926574019158759	17.26125774750733	17.28164376405518	20.323978816598636	15.702576349886888	10.473397303136883	15.705159846793798	15.69118856217757	11.606938431271038	0.22647012611190978	7.366067807092146	11.412314517473236	11.42086978926456	7.343158424447546	0.13739979067484898	0.13829779432800043	0.1524265443849348	0.16366548746904944	0.16257828268645402	0.16336163253387623	0.18167323548397074	0.15741133425992915	0.1576659436403972	0.15844549443653896	0.16054269687428274	0.12895060746371806	0.15964919169189362	0.12553297680156544	0.1192621127964437	0.12177767664030094	0.10917566553801995	0.11713367127105843	0.12301222522146513	0.12686892415278583	0.1145046857576013	0.13620380938638194	0.13141932023329478	0.13233701269518416	0.1266712168222776	0.11438575808064536	0.11462871803080017	0.11436897511169197	0.11393481285691659	0.1123459264680401	0.11130180998944339	0.09818960103635783	0.1019761131552025	0.09624985543511008	0.10445707478852542	0.11062331774572265	0.09265740941959015	0.10412560935683299
0	9.815649353632137	15.236527634331404	14.364928198774397	14.039152540782666	10.769299898348777	10.733927920525824	10.631614649179266	10.621083672831071	20.653216852113232	10.585684623099084	17.16217598829793	17.229855477965884	17.281595129883037	17.348799629937062	17.35438578200069	15.703965144438486	15.70524639755094	20.519677989687764	11.607391183972247	0.2265100586324021	9.450622348145771	11.412355756426347	11.42090661237359	7.365790884942619	11.416490566662098	0.1493722535652386	0.15248678905128576	0.16366683228905327	0.16265252046057044	0.16346110284476148	0.18181672102949403	0.15739446206127156	7.304560880683254	0.15797968964516426	0.16070952838345787	0.15942689126290133	0.15950498381697836	0.1352175273767363	3.8430653479655774	0.12178045811903056	0.11654133494585678	0.11702723935729728	0.12306876279057209	0.12687133069140058	0.11451224371597431	0.13648399858805804	0.11582875783687141	0.1327348661670128	0.11620245443972387	0.11438962575530855	0.1149327912635061	0.11430034449941541	0.11384933006347428	0.11223092247568481	0.11129489577236626	0.09832191959469468	0.10197960889807732	0.09623788252097869	0.09679520034421037	0.11063917645014804	0.09265702371527097	0.09618465055647638
