0	11.894883053622541	8.242252515583415	2.1930985342625746	11.081141275034401	5.787269425611306	0.3806703176233335	0.36399006341073	8.460638662773386	9.547364435013279	8.596928782567806	11.96662489403618	10.607887808076931	10.613646426134505	8.141254748175896	10.569231172173101	10.626042488002339	10.64508633817262	8.531416985671267	8.964405122332007	11.380960405176708	8.826317620693077	10.62599252656158	10.708234725636835	10.707988503997951	9.602522673767014	10.667609066990995	10.375443361484054	12.297569835836322	12.297138788564544	9.766915450077954	12.286800572431778	8.753666116123606	8.757231946759056	3.962064181791285	8.500313771203345	9.736970668919449	9.727751839458595	9.715942167344705	12.127873875831215	12.128861793585166	11.541868098827837	8.360530814579082	12.092735078802916	10.75525835178872	8.355967044385634	10.613536227269561	11.345217715916949	11.948329092026874	10.91996925945755	15.126453351255387	10.556156650081324	11.903684513538039	10.626890708506924	10.75265099090096	12.063840528340393	12.18347399187419	10.462857618554748	10.427572279899017	11.269692689863504	7.491172692710494	7.715988184341517	6.2942126371868685	6.292247073883545	6.290445996833915	6.291200329790815	6.290211112259216	7.486886915227718	9.758582109030929	12.86471066147128	7.859205388193169	6.2910131143091625	6.290393938519	9.535097544072686	9.859313542443859	6.289379339954734	6.917575183250604	7.483322135037781	7.429664413103232	7.581249389127432	9.587781619751736	6.159749040639748	7.520226854704268	6.894525552093055	9.571015953807427	8.113553200437659	8.117026836224364	6.292971155121051	6.291004778945358	6.197502971385984	6.290864376359009	6.292846492990047	6.293474865905389	7.0236805709197565	6.296085493825026	6.175233178297106	7.095285608869029	6.298736149494359	7.155364605325303	6.298914707106716	6.299072370169752	6.298987794021346	6.295960804121215	6.297672741344112	6.297982784540999	6.215507985500332	6.722464330903151	6.299695857738372	7.119570229556732	6.300320606148858	6.299873425439236	6.299786346458942	6.628556292643153	7.110015458847684	6.299027989206532	6.298218610042173	6.30034962880765	6.300709374378385	6.301070936378052	6.928964074709321	6.302749191723162	7.12885328433132	6.304123205750029	7.285330247183877	6.30635875103593	6.308318504069035	7.152878889384919	6.307084836390986	6.220690570078439	6.308205621935143	7.267882897768766	6.307174002061402	7.271398921060946	6.307640986248783	6.3072424057743275	6.307964277237583	6.308481729640443	6.307882727131168	6.307067984171182	6.30821576130263	9.421740430452344	6.308425015022183	6.308180645007483	6.308105833305153	6.308764445438576	6.308168243112601	7.286381791384298	6.307121886405695	6.308149401971266	6.308423786885849	6.307740371350046	6.307980162784525	6.307687161287702	6.308643440728679	6.307385892524432	6.307056226079341	6.306973106232265	6.306875539634367	6.30673850361643	6.887114945021024	6.306274240703242	6.306427602393232	6.308034727387887	6.307115697301012	6.308214320285367	6.307463953240599	6.305708074926762	6.307862392538504	6.306669102249971	6.305271663138018	6.305755090259503	6.306070810540892	6.305759555669172	6.305359741811101	7.459738309070781	6.305310357618184	6.305908606912977	6.307714433100343	6.306391795832029	6.307409319269682	6.307176010608103	6.305817300639488	6.306717417460807	6.305749063420526	6.305671726477903	7.303022844845546	6.305683119065764	6.306860125841467	6.305896859121759	6.304896877003577	6.305737700332329	6.306256290350768	6.307456487298972	6.306604127738778	6.306029739725927	6.305920641405125	6.305925540050077	6.306774004825219
0	8.731116999009155	11.889899427292514	10.570072529167286	3.9634505636603623	9.636041524912281	5.78625646209756	6.2605282259464605	6.406735071475252	6.26733830323566	7.181058838978441	9.648176824535513	8.385092691841955	8.39177747151311	6.279908657078965	8.391585775012336	11.593048334220825	12.210418233444878	10.644427119596083	8.964395931310294	12.40525813664928	5.603130335700399	5.461534412918086	3.525506568176557	10.707992209120857	12.221500421964365	10.404289381075131	12.243121495227166	10.679023685533243	12.296024662116508	9.771550576183936	8.358977546919062	10.735890763578688	9.630034224316292	8.522463049301196	12.233418334676953	6.281006564300263	10.591108625857425	8.549413773048451	12.127892526960565	8.551346978044986	10.758528374442676	10.610111541135508	12.092787208779642	14.925856854830025	12.033158058386917	10.603914428719962	15.354141899712529	10.603153780613802	9.773112392471944	6.269017323954919	7.435018609457861	7.429213497325375	10.038109882495386	7.440305752001273	7.475095689445149	6.2939569967568305	7.516646601596091	9.706995533409748	12.211053835506547	14.338415656438238	12.221367067680163	15.313358327355571	16.8397153106829	16.842314816179684	19.73130621315424	19.740377059917506	19.75607800402031	19.688984286517634	19.795583223610205	16.859413947663022	16.86743075028732	19.748265493485846	19.833004768710563	19.828441294332563	19.786933238275264	19.800505909667585	19.883798541892155	24.720374700400765	19.817397347028912	19.79341821414564	18.36520832080578	19.78983285525498	20.61640632103614	24.54805866428198	26.939850914669023	19.78633368816713	19.753950789974336	19.751778637365238	19.75840429649878	25.709328786557002	25.55133972757118	19.758502880657655	20.831351020312553	19.674232144026988	19.656403835397533	19.668468719199943	19.645677889002254	19.709454225048002	23.34304655499483	19.677313547925845	19.69123646034847	19.7124690198154	20.159793137728602	19.76630284682431	19.744103600111533	19.766812137576665	16.950278421833822	19.747904210082098	23.340681613365703	19.7289894454876	16.839587910362127	19.74621292526059	19.74499339148837	19.745646167265743	19.74851367460755	15.874619581155939	19.71372299545173	23.21784649031896	16.68955898613582	26.959645385871724	19.749416063912918	27.0057356039964	19.706080703170425	25.511010438856577	19.756156203196102	20.510832068189863	25.535886937614944	24.5282044252739	19.764488258920803	19.769379947830146	25.462513766614162	25.453278911960684	19.754882430361214	23.346036658066076	25.462412715251656	19.758557188478655	19.753320124593643	19.737763238048544	19.70621738232695	27.026026646544555	23.33991878043625	19.70771994315253	19.745894620971754	25.396013879289878	19.709151482498353	24.978836963136928	27.009163556343932	27.02399137809077	23.28456911978666	26.990882126070886	19.71832605010446	27.011523840878436	23.288452523023523	19.72572341690768	23.291122475702352	19.714418634875233	19.7069915465733	19.699802074128314	27.03086060604666	19.685664757705347	23.2244535862393	19.679820997041812	19.70615196826483	23.367503833774247	27.010326656134747	23.31690294325317	23.335271845549368	25.541907862991835	23.29815143924622	25.158041321306552	23.330302259243734	19.731808731388448	23.272417793538732	27.013146083554698	23.279194530295765	24.78299904511305	25.55912296394723	19.71483550717942	26.934134459725474	26.958030642631595	19.73272959035929	23.306388167587187	25.43189730066757	23.295619235319293	19.72966340715807	25.246200404913388	26.909473809972052	26.975591116867122	19.713933405540722	27.02152115278451	26.971032841073477	19.70316444354689	27.03519467119127	26.993906583768844	19.697459973664248	23.33018283938216	27.031512286542966
0	7.5167973652245	7.409015358819805	0.5468800464068517	8.553978904580568	10.803418017879087	3.214372721571688	6.601196502563923	7.72592484833998	8.539002614111196	3.8391155126776315	9.710649801559512	10.627503870454378	10.664250900848165	10.568233712365513	10.559545922101249	9.745609219590941	10.40194794028129	12.195236151919362	10.713002170522032	11.657783375068604	11.926876014583279	10.625584969451497	11.918207750756919	10.707961959060675	10.623283600574549	10.46227092192011	9.9903961636232	12.2975672622663	12.297135856426461	8.361649562493668	8.351353604261341	12.28396387150897	9.749999117050136	12.162950272215712	11.150985788743423	9.75382129382115	9.727724601849483	8.548917664806671	12.127859385439804	5.3842727077843495	3.9613483082755283	5.345092882169484	6.375646217730692	12.030341476629445	10.759934684746366	11.958723973622954	9.730950706443076	10.602613430108482	11.049389338309174	11.971042058514174	10.585878317977443	10.590948415013793	11.80263600363697	6.560602599895249	6.290446058850708	7.534665476423742	8.236084878718088	7.545275909796563	6.294890924523879	6.292808299206805	9.893764683166806	6.294214839283463	6.292723984850621	6.289913450208896	8.190336478030465	9.803801324326031	6.290791103754691	6.292017994863541	6.291595241306693	6.291594937680156	9.768042117291518	6.290911034664574	9.72523577186698	6.29056735062559	6.289379354306567	6.28893579740966	6.288478062389458	7.590396645387679	7.08848692811842	7.517502143023161	6.17725319842679	6.288703100137352	6.162818299550159	6.938965479951308	6.290088735011422	7.081320494050743	6.292970488853275	6.002998936697272	6.292843223463512	6.290865053107873	7.053215222580791	6.962924389819132	7.162725143897129	6.738968284588446	6.294337250537263	7.095624820707997	6.298749320624442	6.300878129746921	7.584614582759719	6.299072386298262	6.299022349260388	7.03076809461854	6.296801153033218	6.2979292436260765	6.214196741274698	6.298403459774852	6.473515166330993	6.299573579668321	6.179885716755308	6.299873478006285	6.2997826379472315	6.298691399444389	6.29881175388488	7.489725478755923	6.213729419638045	7.150988878700751	6.300709314758343	6.662706708589149	6.3016783752803125	6.302761265202522	6.303260905378482	6.304129081309949	6.304609309461622	6.306373092242252	9.083455574881778	6.308793340130394	6.307038501314579	6.307514618671734	6.307698641344565	6.307676743651892	6.307289586987464	6.306778224971087	6.306945741656176	6.3078808712639685	6.307966441172149	7.134230267760692	9.256415414179918	6.30801986438825	6.308205460256324	6.3067992250810665	6.308833407765437	6.3082241028726465	6.307057260366305	6.30877423904247	6.817079342376926	7.287170107574404	10.162664067099886	7.271155203683954	6.308424593742886	6.307752223632355	6.30797621799922	7.404305536776921	6.30864360949798	6.3076948292294395	6.307044781500059	6.984152111638217	6.306895507705515	6.306733714266254	6.307066920430227	6.3062749008709575	6.306428361357649	6.3077721310854304	6.307124307728418	6.308216918811845	6.307454371021847	7.41908082490351	6.308462284176649	6.306657147673261	6.305272774854237	6.305772067186162	6.306075096366464	6.30576016806568	6.305357433156193	6.30724304672269	6.305308702450981	6.305906902230378	6.307712524958821	6.306394542796723	6.307425716476773	6.3071845083886044	6.305800812917118	6.306717325427783	6.240224403203994	6.305672652441281	6.305654072113245	6.3056883359105536	10.269615092038919	6.305900473371641	6.304764927783856	6.305707123014892	6.306256442477827	6.307332198130035	6.306497748115414	6.306056581360209	6.3059484666212935	6.305924418486404	6.306905215113954
0	11.894889869486763	11.873263268356858	6.230604972730562	0.4424236024976246	8.014139325233687	8.395447155047828	7.425285052042375	8.441959961301809	6.267337075488614	6.271116453296068	9.317586167532353	6.281468383008055	6.58605558302431	7.232174815650404	7.443415494903422	8.110591273357729	11.220378239425884	8.253035523413418	6.284474775599235	8.445361326959581	8.292895370699284	13.556061222901791	9.59630494242277	7.470178484105272	11.154749727241667	12.606128381248894	13.37874950315183	9.520447911796808	6.2843772598876075	10.658488002195947	11.705251414391618	13.211604296567742	16.094000272669888	11.832260465231062	15.12773197137335	15.147873811043029	15.095680537484723	13.813584401160506	13.369565626310878	13.17706458905134	13.8899869273284	15.022012728958313	11.73657389244861	14.95325228342985	12.460467892021885	13.842352974929359	13.842693179733445	14.888513649897654	11.776073681226944	14.675575248707837	13.275056920245966	14.850972238315293	6.289574411963763	8.201481422313025	7.475021662550492	6.293956902073923	9.884572429559888	7.538072558365527	10.640535872164444	6.292631740929788	6.2942519893956135	6.294214806567249	6.292723659146576	6.28991327010169	6.291200802244961	6.290210108097819	6.291741528322278	6.306002778379784	9.650232814332298	6.291186148222989	8.27923104232537	9.742170889090488	6.289178346598709	7.469224227183265	7.757738045954475	7.465905013451769	6.2885635354812965	6.2896734826966005	6.159148685678656	9.587781856304906	6.1596641864450925	7.06288029929764	6.289492548248357	9.693496838204156	6.290100693206617	6.888403669609629	6.187971390799037	8.387630850439862	6.197518483561139	7.940044732069906	6.292851944724652	6.293469997277199	6.167793518352072	6.170029508305696	6.2943611580010215	8.094091715373368	7.134099614627187	6.300904889342365	6.298958178109389	7.139418628905544	7.138132579870399	6.296386388613178	6.297641999497098	7.3826877977515055	6.298399925384971	6.2984015226631564	6.299697346328744	6.299582698443698	7.022550633710812	6.299551344885084	6.299783919586779	6.2986967860311145	6.388586323409598	6.2996394828023226	6.298465072795834	6.300346658601167	6.300709151005215	6.214708950053393	6.301684827491889	6.653246110749769	6.302760624044814	6.303784449402772	6.304901364422132	6.306301179658045	6.308168000443141	6.308708232665764	6.306700708719071	6.6658821675616835	6.307698182344688	6.307677099512285	6.883598283189901	6.306491257251275	6.306673666293634	6.307243902423321	6.307222480515989	6.308411017869697	6.307882027200262	6.307081210533333	6.307209042191964	6.307625478512092	6.3084249096493785	6.308228588037198	6.307371825806897	6.30876392156459	6.308222291242797	6.308613851972244	6.30705599183604	6.308217202563618	6.3084265608212045	6.307743375548203	6.307976256781528	6.307688597288775	6.308824973640431	6.307660971529376	6.307050027402849	6.306996128633285	6.306894935284649	6.306730020128238	6.307066695251297	6.3061996165380165	6.306697625802807	6.308035313921409	6.3071227571428565	6.308214899135352	6.307698795861992	6.305706777162598	6.308462199778858	6.306092160125505	6.305273043039807	6.305771313432569	6.306074865740067	6.305759459171563	6.305357200140166	6.3072456585475924	6.305308873084156	6.305914443810297	6.3077142580060075	6.306390667429362	6.307352312413742	6.307179330951113	6.305802250024902	6.306717111236208	6.305677375091518	7.42023089527641	6.3056554466026435	6.30568617476462	6.306877042985426	6.305897288995095	6.304899477320859	6.305751855940921	6.306254757442696	6.30734901729139	7.315707240150704	7.427756783054013	6.30593335689717	6.3059244111685295	6.306714819622464
0	10.697888530368667	9.95897341155839	6.2347141848845276	2.991563034998323	10.937253746947574	7.531501902060997	5.80206327152013	5.76851393337873	5.824270892475444	5.807179022719693	10.508084683690893	11.694255657151233	11.761654330322555	10.567634482116407	10.555038233942925	11.593874450289606	5.299556262216227	6.253625554208777	11.215224659491751	8.682844457495802	9.874192785295188	11.929175024863927	6.563063607387239	10.707977109076284	12.221499711762329	10.653204082221047	8.63351779901628	14.7304742458965	8.40233753813535	7.225830551311882	12.28680229925754	15.205749035124668	7.158093680712106	5.03325905544851	5.0892168590954725	6.175373773055883	5.05060598228726	6.7292871363650955	8.550031810687692	10.58747103653136	10.669566862441739	12.104476185038273	12.092767437513713	12.029842372514254	15.158723668440468	11.960252051356802	7.377012228390731	6.288929100226336	7.355726461753053	6.289271847668318	6.290374251254445	7.141785814982702	14.753469631631408	12.928503162444853	13.20902685774915	13.247227543878894	12.574756174400516	12.574699209738421	13.227747138730974	13.21879614664037	12.573574888929032	12.574587484933113	12.573132735472704	14.579812618596671	12.571724979959995	12.571110964284784	12.57135350960714	13.205337991827372	14.550778707539164	14.673313661724979	12.572123443461344	12.570879974852383	14.468019312172817	13.167812095081748	12.569862040934677	12.56976616260069	13.21253550234269	12.570271841190102	12.568824286756076	13.233495211417416	12.407239675942066	12.569376043840808	13.423301252249862	12.756703230708853	12.603503968873019	12.570460940311746	13.0051091144756	12.57290154114597	12.574626242584799	12.57270518734387	12.418222463066126	12.575631710647624	13.03827159453564	12.422042025821252	12.42503880957039	12.577742196497116	12.581724449207474	12.582687840582206	12.581090589812895	12.434574600430416	12.580992520259148	12.578779240395244	12.579148016414852	13.024106572109686	12.580885138365948	12.580895214551266	12.582263435272214	12.45501901678896	12.582825070805303	12.582183824135107	12.431872346699775	13.009723694776564	12.581518424984608	12.581746484759194	13.06005914916616	12.581979703491523	12.583295543336826	12.583626595022043	12.584215245916416	13.021717495853762	12.585269139399673	12.586286634651197	13.033062806547838	12.588690757728092	12.59032769901177	12.590848916956867	12.589063436600677	12.589708765142467	12.590465757754327	12.589929454898211	12.589394819538104	13.279300793576832	14.034815898181199	12.715676827505613	12.590160053165626	12.590625054218089	12.5893509481683	12.589408782828178	13.107026779752148	12.589171168251237	12.591061748729102	12.590767341616724	12.590352479903167	12.591168894647108	12.590643138958061	12.59098620904569	12.59020650528965	12.590530875260523	12.590639247149873	12.59023666919702	13.190086757030818	12.58992559297827	13.097437229940413	12.589711634512136	12.589483706889968	13.209685324976293	12.589403544243616	12.589091743881715	13.205102201073156	12.588737260869648	12.588808338916833	12.59027491344101	12.589472332738346	12.589584220870954	12.589916292156957	12.588159577517876	12.59066222721701	12.588584902465186	12.587769051328529	12.588215668630326	12.588341101562461	12.588222931900374	12.587838706288812	12.589621181188972	12.587791735716541	12.455465373228158	12.589851940819264	12.589386587590244	12.589660515145244	12.589393046822076	12.588117979570146	12.589087272206699	12.588220336648083	13.182174898064034	12.588226896718469	12.588119412881383	13.173456777107367	12.588332439789562	12.587387877207412	12.588191968633483	12.588652320486618	12.58955476505091	12.588945401913607	12.588436286044816	12.588360012684358	12.588387093634623	12.589229084380744
0	7.517037656695659	7.409022248402835	6.230596499470476	11.08849232797343	7.2616250835366625	7.315663448448889	6.2616959234003255	6.261742787289713	13.163439437902078	7.168471987951228	7.852235194058895	6.607443449982619	9.345505904898754	7.402622667552038	8.03078344589951	11.224850928971895	8.39318202177521	9.555433113349032	9.561942878896268	7.193030515333635	8.461660499879011	9.612315763011466	9.596990797443624	8.309485272464416	11.16305386833206	11.079145221535866	13.417142546740216	9.725339901357954	15.1862283986593	10.659430304933618	15.177647877386024	15.175094339383355	13.211542269478471	15.070831146006125	6.288851801005241	10.204576618695489	13.58892710860578	15.060601803562173	12.949604573622704	15.041135345322393	12.151052381748833	15.018872399776601	13.367254271046619	17.56546872213244	14.956785492073156	13.842034425518374	17.496025176821732	14.888507129413119	13.853865358686459	14.67565571762536	13.825860365396272	13.7273009929634	13.854853091593995	13.957549111508682	12.922091403629484	12.574146439610962	12.57475728077872	12.574682417872339	13.533513062080829	14.410889179658255	15.118524937249916	21.489594452410955	17.408530532412126	14.579816625288972	13.235221339686676	13.437833515371661	12.572311189011867	13.207908301023352	16.84922776124815	14.62573025676819	12.5715448167219	13.202526611738183	12.893051969726558	12.57096234989431	13.16743282375629	12.569763398686076	14.493622367938478	12.98893131988159	12.995860746440064	12.412523091566753	12.56879983398695	13.236933340161547	13.184070359683934	12.984950576076688	13.412330570658341	13.409853147031331	12.437646052801687	12.572820036610914	12.57461544241252	14.53888811459063	12.418180289883471	13.404936301048291	12.575174778181848	12.422130128570053	12.57652604858421	13.411773672848632	12.580966890558768	13.251406874181669	12.936973852893507	13.030499825851425	12.581039743605071	12.578382382008604	12.424695147674921	12.580095463637765	12.580885739490727	13.030080764451084	13.01476815828753	12.58206697034559	12.582837921561621	13.015965407704467	12.582205150344363	12.58190546962957	12.58152204751569	12.58174654014945	12.58096651031564	12.5819758761391	12.583295652050495	12.583626510035623	12.793077444165318	12.58527149770304	12.585269261025001	12.586284754756942	13.161424320167066	12.58867824149789	12.59055413576278	12.590985527339566	12.589062917608862	12.589742479932527	12.589799839789174	12.589934118019748	12.59009010556776	12.588869522378712	12.588987416346967	12.717034710100036	12.589445762811728	12.590659864312997	12.589345377478677	12.589408105892456	13.107017360845134	12.589171657985753	12.590776350535297	12.590622443043317	12.590356657489304	12.591169200018406	12.590609876383613	12.591060801017365	12.589446070149842	12.590529900674733	12.590656192394917	12.59023080857859	12.590183989825412	12.589925201523268	13.101891431726525	12.589970852816714	12.589475635826911	12.589302671519736	12.589396780773692	12.589105640415783	12.58939733158787	12.588736583871473	12.58880713302527	12.590274399670546	12.58946972012298	12.590425458055728	12.589938599904462	12.58815973018592	12.59066356443908	12.588635577049663	12.587761793332096	12.588206923538126	12.588404244962916	12.588222526929034	12.587837637651013	12.589650754719795	12.587783706085716	12.588408352052019	12.589849536052132	12.588803255632842	12.589658871840232	12.58927191476343	12.588116844396561	13.104494530230957	12.588160376215686	12.58811738752263	12.587946524951413	12.588113507252102	13.11696453695731	12.588330231705264	12.587388089158146	12.58818024761416	12.588672040645665	12.589668648301757	12.588861179387646	12.588432673805915	12.588382092657888	12.588377952792339	12.589160229939733
0	8.881298586705507	7.3499692751369174	9.655476088629715	5.7774370510361575	7.13662874449634	6.260280718228916	6.260520685858333	6.262042998299222	6.173767251549816	7.168468189244265	8.373501141544619	13.76661333186253	9.712962687325438	9.71139848916009	10.549712429123428	7.1105385955404525	10.64491108797376	8.391978368165425	6.49189245290085	6.490840084352992	6.286142488646308	8.390412108544862	12.64619934916551	6.484494941054203	9.790063304555929	15.163579830891948	13.207321235141555	10.654721244609556	15.18716889937619	13.213331581141611	15.17766797087839	17.300708815365017	12.067523216376111	10.09224765107611	13.440661313618776	11.816150727146965	8.378931928119794	10.557112459071938	8.550037975978375	12.128855434755819	12.10871872369744	10.609956095834697	11.575473483317113	12.029809424194768	12.033485350438543	10.604301450731043	12.253086944994394	11.948343316974217	15.311465966443286	10.969321527205969	10.585877175248127	10.596023986853776	11.584206916765757	12.059963215162567	8.698798295644048	12.172303572555524	12.264227261703576	6.294584565730981	6.294967414194644	9.7694452956052	6.971420969102009	6.294214848515409	7.488381383650925	9.700746736487178	9.823455100136488	9.803781321277372	7.486888459016695	9.976708864889078	7.486486458898012	6.29101372146646	6.291182693947659	9.742236348833144	6.28918058990514	9.858946172203456	11.650323018826446	6.169005291897616	6.288534406740434	7.545420595891788	6.288296439806378	7.067887285577537	8.122982681672077	6.2887351649512135	9.559469329959294	9.571045547197302	8.114372859235061	11.373160021341079	6.968201017097082	7.116746137047298	8.073809241389398	6.976419102342128	6.292885319530663	6.293515102343214	6.292039044529013	6.296088177608061	6.294337821035714	6.295403358697455	6.299528823885209	6.300908125476427	6.298916406863627	6.299070277344352	6.298960948499521	7.464221929933862	6.194897443406678	6.297969474890083	6.2983998406407595	6.29840366259472	6.2997394462117215	6.299573298540116	8.716813434644129	6.299685953581815	6.29983968622673	6.212119038148781	6.298813979634101	6.214246625286717	6.298224498857185	6.3001997015820805	7.795989432006782	6.3010712308502965	6.301679054792928	6.302760898110461	6.302759965171662	6.304130859918364	6.304609501889844	7.144215389050266	6.308216430620779	6.308778655379312	6.307034013012953	6.307510923481749	6.308204626725875	7.268652587936688	6.307198072768551	6.306540047638751	6.307869777428778	6.307242114857772	6.307216836163014	6.308503611682021	6.307686683138367	6.308019909825514	7.081548938033529	6.30678548091162	7.059738757703117	6.308197742076042	6.307322504068279	6.308764260164446	6.307685316386523	6.308611829839093	6.307769389518007	6.307599739287045	7.447281123011667	6.3077456472690425	6.307976310234462	6.307687147197799	6.308643720672704	6.307730969622542	6.307025990929866	6.306975359483514	6.306895481221494	6.306732148911051	6.307088167668686	6.306265786642588	6.3064119993997725	6.307122840939214	6.307124847722973	7.444549750501234	6.307440933020404	6.305702524091146	7.434151486407864	6.306141662578211	6.305271796417378	6.3057670604699325	6.306109089636254	6.305759407560782	6.30535866508006	6.3072354982677625	6.30530189723755	7.4687520067375965	7.267576897311058	6.306508571916656	6.307412880117822	6.307179561794113	6.305800201984901	6.306717845981995	6.305711695167882	6.305671810517459	6.3063753965540155	6.305683572870619	6.306872500172468	6.305896740686266	6.304900127726846	7.435579317964189	6.306289231625116	6.307334473205261	6.306486642758265	7.427736724985662	6.305942835228769	6.305915641471975	6.306904779068176
0	12.250290910653037	9.958490203094106	3.6311338495968024	0.44242069344941887	10.803408139626278	8.843626921024528	7.50801506706876	11.113311069410013	9.547366897929704	11.255605318880091	10.611793909155184	10.614306568034046	10.625755045623164	14.86363215470859	11.78421513571658	10.626045827812952	10.64598493210946	8.5307925740597	10.420486874535872	12.23903635193963	10.621968265314669	9.546618043934627	10.708162981327133	8.983578604629653	12.22152073679047	12.279616168590328	10.63761841321614	10.67915507934546	9.727922372148372	12.280990741891518	12.286802577749954	10.735590429398226	12.283802874712055	7.99278027708756	12.233421814539089	12.227758513364618	9.727747739077683	6.212555293126883	8.550033966942422	12.12886020162709	10.66957056254657	9.720227758073428	12.107552095922072	11.556573279934366	12.033102026329336	6.287989798594724	6.288820644514618	6.19059839719744	6.289135807620814	6.289271841760573	10.585843148830769	6.437790701619404	11.802645447449931	6.213776931850743	10.816537379430367	7.933480558383587	7.631575518802172	3.7517340139622735	3.509802780578759	0.28012713933165106	7.6413661555592345	0.26952780995641706	0.2680536631044654	0.25794053504511255	0.26275551799227137	0.26494794551588763	0.26050657888539525	0.2773634663111231	7.3244850164233135	0.26087667663947683	0.2606082523844683	0.265130305968947	0.2655715224338633	4.002061753632589	0.2668313893720336	4.016664757920784	4.047267738878856	0.2593762178744474	4.768420120874011	0.25640262165322286	0.9606503528110374	0.2564208687378838	0.26153395025840215	0.26470643295890844	4.233299871526811	0.24513390214897654	1.0115048199801926	0.9615825971602571	1.057365826852158	0.1889772454413625	0.9767045406227858	0.16878174820055422	3.221429669091251	0.16797648929396136	0.1646815857922805	0.1523463184178029	0.15821657651618798	0.19009931285241607	0.16946339681320494	0.16348974580203499	4.4798795180883	0.14539616513085293	3.3611267072828053	0.8365151452983363	0.13732881887306023	3.351677763208555	0.13335180072789607	3.3019766796140426	0.13547378857245773	0.9343601707821627	0.1431334392467503	4.0173850015084485	0.12104173331108288	0.11861813799876574	3.32988379823109	0.12020876876825329	0.1270014343231918	0.12994466948591646	3.9921122726388227	0.13404333629801068	3.2056869704909223	0.13765044987301056	0.1400234463050343	0.15091813891008007	0.1778490686615071	0.16291019982193355	0.1465752817067068	0.15688917794836194	0.15007443951314492	0.15238280312077354	3.5679563308211244	0.15065808274363127	0.15021013216498638	0.16205191423910278	0.15808963987459232	0.1614617200808599	0.1514428273430489	0.1572330448410712	0.15837537612158464	0.14979891945664683	0.1471975151947666	0.14953002110806402	0.15561729177855738	0.14212186128943963	0.13836735662471653	0.1454063463941416	0.14738655647765866	0.1445895191155014	0.15842798202298156	0.13496136697694144	6.301850272845443	0.15679878211030718	0.1449334322124403	0.14952063445393188	0.14027110258930808	0.1440243412172703	0.13358187597872262	0.14610280863474678	0.15025883191121928	0.13765695871073794	0.14585496380241925	0.15271979382001283	0.14774550082872953	0.15867725415253978	0.15686670666761893	0.13864663670764377	0.15202553033366073	0.1350127964061586	0.13478855887231447	0.139226678482455	0.14934033107199524	4.026884003831886	0.1362237812674202	0.1441832744149749	0.13803796242210659	0.13433378607790175	0.16475133522077343	0.14234270618581832	0.15221946163312117	3.662678699484556	0.1506343578946221	0.14591408283458793	0.14385150319230522	0.1393805337886127	0.154902122300344	0.14254126607423603	0.14916172820965526	0.14026176490147674	0.13561755248085783	0.14009674815439238	0.1439512005606202	0.15895363854900083	0.14561679307683176	0.14356596420737888	0.13989073939456959	0.13855988307731099	6.447046397198281
0	11.901397385379862	10.205793912607179	9.719627856838166	11.022381711038594	10.639460674342697	10.649416096281223	10.63197088646738	10.61438089776397	7.098090213824988	6.269767044695647	6.607355956762066	6.280393209963091	7.233461823003562	6.2798082919843745	6.614016335159189	8.708019612023957	13.84870826559227	7.017541282917805	8.45752789511789	6.285614024130633	10.951305425750647	7.490711479163437	8.243657765812006	8.450493919761714	7.209711868282996	8.217707503559248	8.179924140826108	6.285250906667372	8.067184189666692	10.130569301952214	11.705077791718788	17.83005872807683	15.175014984852417	15.07225356035913	11.809627393599616	10.615751351259139	8.331316322229254	6.28904336528269	7.009889670218399	9.37085772080359	13.185847814378537	13.844755667463453	15.01874593432487	14.953696707376322	13.95445112567231	12.360027046739965	17.749500829226605	14.888499566813042	10.105325329718491	7.371655642622314	13.825863724012878	11.344834789989006	6.289538721289212	12.05996581912265	10.654928748647553	11.386812293041759	4.119084962836015	0.2814133630219296	3.487001907465647	15.439584731842816	16.45485569979438	14.38279483407079	16.82024162822783	16.844070058087922	16.76260281911074	16.812596549283136	19.756089656242075	16.980069969595608	19.776322603884516	19.817758900478267	14.50798440270995	19.764632716342543	19.838181418417644	19.850586629571296	19.78473598243752	19.80043273811569	19.88393012866234	25.592637868442356	19.859853844007155	25.82692827201268	19.759862911924458	25.698024819169074	19.73824030582763	19.73517508073153	20.483137907811365	19.78622936149254	24.935354889941806	19.75174312072062	26.90473224881001	23.349984559069085	19.7136083516549	19.75865495473583	19.714249814091243	19.674172590105186	19.656675280947038	19.66843278483951	19.659594833019845	19.699648660392686	25.440426067888122	19.67730748480978	24.95783528481068	19.714675445624106	19.688780628788557	19.739044691096282	19.74677893355355	19.737111123305063	25.466089785115194	19.736797319079482	19.774977639285595	19.728984459890835	19.726593876736054	19.746210342658756	19.745008083556357	19.744192060321854	19.72812406418134	19.727809457546307	20.12873601285233	16.69484567448916	19.745619142253766	19.750234409279923	23.222380065261813	19.737906293507848	27.034863480556567	27.07160897985923	25.440168303460986	19.747889038212037	25.54695173813137	23.355328822425406	19.763594151544833	27.069943338217065	27.07115562041609	23.32351739994798	23.374466451977963	19.74542130940062	27.03325108223625	19.7568217026383	19.753377206604924	24.68835719124879	23.336931389667008	23.376876150792388	23.33921681116827	19.700411426244138	25.451732593010536	23.316200088919157	23.337635799092077	27.093770180181675	25.378760616539964	27.02106857337643	24.8657099073959	23.26094733082951	24.831003816076116	19.696765627872036	27.074641868673158	19.73036836519935	19.690298381849342	19.714457623065375	23.307276112434504	23.30151096497782	25.402368863364643	23.286784276577237	27.054903879252166	23.246919242174666	19.706549435008597	27.060077044894083	19.682464013378812	23.317458297785333	27.010768876777306	26.941727747697787	19.710045905057296	25.467802957324377	25.091254237285774	26.9930631709433	23.272423678739894	19.67685253569799	19.702590336274397	26.932388144800182	27.016047177023186	26.93113170493063	23.318270665637836	24.586052977032374	19.732689965040425	19.71581597385503	23.294696750648093	26.964856776031336	23.331592662418426	23.303511356105567	23.268457883901686	25.409995549414294	19.716166399711618	25.46423245713139	19.71086318876836	27.0570210717352	23.327164288843246	23.320203851783553	19.69744115747343	24.946641252838084	27.03115286742751
0	8.776427732783516	11.86704131395317	5.56129649472661	7.476000644597058	7.136504940395621	5.828217694687237	7.1595875602277745	2.760541328628574	3.4391662178785958	3.2091265079904288	9.710655358601384	12.081170872028359	11.003887034246194	10.57725511932668	8.168038458381195	8.97420128559845	10.647366380355317	12.209636603722531	10.420768636124981	8.682844657507433	10.617799550578807	12.22666693996802	12.259348132537284	10.707992578357583	13.64566900087791	10.667607187662275	10.74815699693356	15.48069673104792	8.402340100245148	7.226411022608994	12.286802536554541	9.755313433151212	12.283795251109545	12.179138750685688	8.868673350415008	9.753568583919701	9.72909210167103	12.151877770784068	12.127870846684006	12.128855573987947	10.669565935170098	9.720143411702711	12.107564631370835	10.761018860400366	15.159096413569712	9.728685517587252	8.382952542900593	10.612246639306361	11.962630809353302	11.962605651734032	3.968073992661554	10.590886482965036	7.8481981594889625	8.47202531042619	0.2923936822708898	0.2780671222294733	4.097822072388865	4.1448761598278425	0.2787785718559941	4.053456187155866	3.789191723203373	3.994904042075445	4.053597068879382	7.374202144795716	0.2627423521458474	0.2650415979939128	0.2606446210649289	7.741901698963433	0.2628463614168085	4.75057869333705	3.9807472236801575	3.979460777687627	4.015222918008005	7.367135671713949	0.2655435988986179	1.0002706095573592	4.7631661579605575	0.2593684546918412	4.748544182336507	0.25640186369830725	0.9645237687826842	0.9913984911218807	0.26153045562414334	7.1989628636423895	3.018892000125822	0.9201702199459423	0.18681225435741486	0.19144593066521548	0.19237200857663855	0.18896214187002647	5.1410920074733655	2.2467800409469425	0.9564889481658873	0.16797503699798969	3.318576685989325	0.15236829598623913	0.907257885567756	0.18974319368195428	3.375548118775745	3.3721814505893883	0.1700545852085666	0.14553206369668387	0.14983859099565336	0.1434655301431419	0.1373285300389879	0.13660651413874023	2.5406861131324003	0.13627487824170825	0.13531328865796444	0.13669374644938997	0.142735831772667	0.12213271773788431	0.12023841217998286	3.3195888044360715	4.0200416540237915	0.11475598310425282	0.12700561969459476	0.12994296298900726	0.13172196068946318	0.1340844237229523	3.962645334787219	0.1377177295304124	0.14002548621825825	0.15080317990029174	0.17395966628780424	3.181642943069521	0.14895713004522404	0.15599680806816443	0.1558763043102739	0.15012992301365502	0.15898186395917852	0.1533157661943813	0.1534948929714821	0.16202446933355588	0.15814231340571677	0.1614874284667688	2.6710209255491857	0.15719685443295056	0.15836920863536605	0.14575870166416746	0.15744257694164734	0.1444512886854355	0.1556246720717172	0.1424883860211679	0.13877772403961233	0.14539732478170092	0.14333574409188432	0.1401869594871404	0.15839657450555988	0.13502113181344585	0.1592054700122647	0.15680003008727533	0.1539421319309554	0.15380562768049308	3.068534328128326	6.708709669656812	0.13342325117238946	0.14611440901588202	3.669052976329258	0.13764888649378038	0.1484017998252988	0.1566288014566342	0.1477304328545924	0.15898407083369814	0.15686958125347045	0.1421535826081459	0.15199570808600266	0.13939898233942102	0.13478309120529672	0.13923166085715716	0.1493069704909589	0.1377347381972117	0.1362175362856645	0.1440673178916566	0.13667561344716828	0.13434641333919917	0.16467004214370212	0.14351972293313167	3.9542359137426244	3.9095847862291997	3.673494811452087	0.14591829867706566	0.14385202928073043	0.13937996843398842	0.15209078478635107	0.14052919596563054	0.149140766910928	3.8374417627481097	0.13563173665030492	0.1399723018716499	3.5416752781177685	0.1571889232354767	0.1456186894596423	0.1471343677366876	0.14027239907932595	8.431853311447282	0.14965623724629296
0	10.830258213004434	10.857265556221229	7.205290905953	6.247327969385278	6.379307045645626	7.256241378288863	9.08962992785521	7.350810111312017	6.267336966248252	7.168464021685209	9.98879145663573	7.429249143680847	14.007220041390879	17.26282714585731	12.281265325806979	12.292468567238675	13.883391689915555	15.108337922221645	13.22066439871221	13.946697486635214	15.068175384348084	15.127928450303564	14.821790109201217	13.930953376620254	14.603748843188972	15.163999480346527	13.107645940428233	15.189456493889514	16.2096121725476	15.17731752280985	15.17764806535339	15.17509733032019	13.418225456961897	15.071510859086692	13.212973293516773	15.126113928970215	15.072807867969713	13.81358328883448	15.040441899995322	15.04110647377372	13.18584904710961	17.6677206127881	14.352728796947993	14.953103971779319	17.601649846901704	14.898998727602457	13.845346482938634	13.842106432609015	14.905637294167185	14.898991468339581	13.816924703093832	13.832346428502241	17.026182129094824	14.36562494309745	12.570354586822168	13.247172722155268	12.5747563870486	15.172228469658235	12.575004235067118	14.626854773881819	12.573609973931422	13.310902046577137	13.391969406897289	12.570547412760133	14.664974792693828	14.665397859604875	12.561762138456404	14.628552859666469	13.21351014642044	12.572146379433953	16.875567987522633	12.965072778141105	12.56965338397263	13.197170056615166	16.588058182384003	12.413614997994278	13.212844355230452	12.987413653580537	12.568828135826097	12.569834910045243	13.424614632597132	12.410018522271582	13.423276454236806	12.40724184159856	12.415451236512963	12.407447668302856	12.574837066776139	12.572791456467481	12.574626802377322	12.4359959956467	13.234656935079181	12.891050683234575	12.925550645360245	13.407731266907184	12.576493057659311	12.419999463161764	12.4246384979586	12.582693620615538	12.377128281616574	12.29803612813003	12.581077887154951	12.578811221844385	12.579147841861415	12.58018075109569	12.580884383898207	12.580895391163738	12.582263468161397	12.582073935351156	12.582820374212305	12.582173869267947	12.582206821959208	12.581908438308337	13.009079144853334	12.58172928276364	12.580978585089506	12.581974501510434	12.583296186730493	12.583625086327807	12.58422014450001	12.585273562843662	12.585268488333165	13.195126095677564	12.58747254301947	13.10838491930071	12.590327657182895	12.590963946740871	12.58906290929557	12.589765326716659	12.589819747190472	12.589978708874854	12.77290786461363	12.589044024010436	12.589013425514649	12.589460123085813	12.589445346278792	12.590672322017578	12.589350121679368	12.590253764940307	12.631940186171438	13.037531274042632	12.591061707645569	12.590606122567591	12.589388062250986	13.20751755742409	12.59060980899943	12.590986430488808	12.590124620508986	12.589987339013916	13.099691070227802	12.590232549946187	12.590187894661064	12.589925497138083	12.591096411990561	12.5899660558603	14.356595257709813	12.589354304375526	12.589402949488482	12.589096878350205	12.589385330330682	12.588743586781854	12.588808347852003	12.59027481203706	12.58947190752962	12.590426160112928	12.589711463230971	12.58815976465022	12.590663346427077	12.58866117241772	12.587770034559586	12.588219695836724	12.588406688689622	12.588223224158725	12.587846790965136	12.589620471920231	12.58772180266615	12.588407767935324	12.589849588046185	12.588909830798494	12.589709041815007	12.589371090223244	12.588113080781518	12.589111022365884	13.180636789260808	12.58811722591885	12.588602560791841	12.588117630070517	12.589187029422504	12.588655835561653	12.587378253091794	12.588177616929046	12.588655317011845	12.589680819288981	12.588860235295419	12.58845774451524	12.588406921263513	12.588428208860403	12.589230443120853
0	9.676470262145017	9.958470264020372	0.5468910924006701	3.309412665340213	6.608416272218831	7.315590253735975	8.46212232240214	8.46063364920532	11.187329147969152	8.596966354838573	10.60521879803621	10.626905840939667	10.613663251822784	10.577258607941681	10.549713264156424	10.626064354558594	10.644967637870824	8.540466085512413	12.202282040829965	11.899933646593023	12.094953366894893	12.2374945439126	15.16472478432561	12.26166473167449	10.623282483472176	10.669338037751709	10.625636862667957	12.301509452696969	10.477598725975058	12.2864131178785	9.766364512342033	12.283954174327457	12.283928696757817	12.164343411853897	8.505733242673122	12.250318863229428	14.429081022268997	12.151396121090206	14.857429450724366	12.148360422137996	12.065905318000414	12.083222963998285	6.642048046881716	12.02983565182383	14.998974505128107	8.303825487596592	10.614502952254089	13.684527207305633	10.618467180473605	10.620153816441974	10.583313512046812	0.2833146833023254	11.814043773545734	10.812690068949879	10.745000866370644	6.293957081361608	6.294619741944869	13.673134179340463	15.107627046386652	15.142509778595299	17.842012012377687	17.702477918137212	19.021545489922254	19.040078773042463	21.62906215493219	21.634489279188177	19.061381424909527	17.876649848899397	21.68504797651649	21.72264237111902	21.72169066630346	19.094960706468985	21.74024654576982	21.750427773981073	20.328593643376944	21.703609695578894	20.965349979271462	21.80096133757352	21.75814085687384	21.69694769190849	21.680857907712117	21.70108845385117	22.250460123071985	21.638802569512357	27.19953915142984	22.420713677590612	26.358723237449304	25.002744674974124	21.664615282315125	21.650399347624752	21.625638543186966	26.915156146368215	27.143539609940145	21.589993539447892	24.97151965061069	21.58601751697872	21.56649973188727	21.616150377013078	21.6018064660514	26.95140607626284	21.607302354800606	24.957671763935807	21.604946248164428	21.650437859020947	21.639956974920093	19.528650584448513	21.609320159987448	23.02026546680895	21.666028162487923	21.642850565983977	21.643719971828705	19.770909026281764	21.655561445788358	21.655886234274995	22.304837954847812	21.646366292644185	21.6385562048855	21.62805968759557	21.657279738033086	21.662866336893472	21.6617093676035	21.64121110009949	26.961477368852353	28.49592686258238	21.663718566634355	21.65906049659472	28.479502704405093	25.925724231456535	28.434998970623806	26.268332516914583	28.49497920448976	28.45984200957568	25.01132630895791	26.969283394128702	21.65553410605589	21.670981167886474	24.916056041066106	27.047764786481952	24.976101494566965	25.00453895955247	24.979613892025487	24.970849978038952	26.96213156522866	24.9587697088385	26.345501691832336	27.106272369762408	21.646060390415883	24.99398473335299	21.6009783956505	28.420849042067722	21.640896069784937	26.534623484716167	24.93228758346872	28.49613496240064	30.810041768331544	25.984319674678098	21.62474963206622	21.63010723597792	28.45800197472314	28.02782541333556	28.47385074544629	24.89392288621434	21.62396575194943	21.64464892489818	24.929478979909653	21.615666706728753	24.97579649656748	21.623415797126068	24.940883121800823	21.636427437822405	21.64753586910238	24.949258200045442	28.40830072783403	28.441495236001888	21.620123830042147	26.64003647867813	28.44321780916753	21.63159090234328	28.378048071471376	28.39875045095123	24.959326701560432	24.948481691852066	21.623683241237735	27.045488240651835	28.395735327165546	24.94622055119054	26.272813307664173	24.92712151914257	28.381310885492077	21.639584144142507	28.40185364539481	28.48345149987639	28.466931174395786	28.423244610114878	28.43063883427534	28.396944723030508	24.972960205746226
0	8.778889324405837	9.958958078186061	0.5482368483809332	10.748673617366059	6.608414634232386	10.86719365204484	10.98196372138792	8.46471298509974	5.824279322039109	7.168470625022906	8.37497841640468	12.050058760448541	10.568292881402355	11.3294759079796	10.546519376228838	10.626046213476112	10.647287074074852	11.900600252468148	11.385502669991677	10.64720819180963	9.636884174922054	9.750926577850015	11.91821053054256	10.707993451826246	10.623380262802993	9.731986914730468	12.248630505990004	9.719433476407321	12.295997741436832	7.225546970765884	12.286850132575896	12.284481521028882	10.523686993020005	12.163199866480685	6.288850723605027	6.28966397446584	10.616932518505152	13.17377115827431	13.820418400398484	13.822777185007913	13.889989098944282	13.844753918861631	15.006305552536046	14.953538594667796	13.903446965888202	12.362582605972609	14.378169627828893	13.297809859077134	13.846281508517713	13.853960597165353	7.431078347935322	14.668526392801441	14.794803978879592	13.957545640472214	13.961265411354095	17.561558119896382	15.153746889707554	13.289013411108838	15.076367318837535	7.498671733567874	7.481989622495436	7.986334927503627	6.292724395932397	9.701098208628371	6.291219413093245	8.401498927325079	6.291732398294351	9.97670729564485	6.291595326490874	7.860607368035448	10.70727352728047	6.290394037078917	7.699955270830766	6.290574801170492	7.443438690774212	6.168965745800316	6.288497771387809	9.640334129270997	6.288304826278985	6.289173060458258	6.901960815699731	6.288711748586251	6.162914314154647	7.579038966364686	6.172548545972156	6.2895418598069766	7.446384642089592	6.180967407379092	6.29284329000192	6.290864447718342	7.075194098899662	6.293468986586405	6.292057395581292	6.170042260851391	6.294337470757447	7.145518367455479	6.298721952225641	6.300896625903731	6.298926595882306	6.299072466799179	6.299021169194645	6.296406929801873	6.29680113977689	7.135363444740724	6.2984001294067244	6.29840336298999	7.121367448749906	6.299573324732462	6.3003225202288045	6.2998949947626395	6.299784253551981	6.298698855246002	6.2996587777196	6.299031390351398	6.298227726627874	6.300341305983341	6.30070931012825	6.301012556603455	6.301678801451822	6.302749043969456	6.302760241922977	6.304131032098392	6.3046097390697	6.685626780314505	6.308169478507215	7.287058142840582	6.306696441900042	8.921596253114352	6.307698235019636	6.307675917081008	6.307941687822545	6.30676049782855	7.120101434513046	6.3072428185256015	6.307228441821668	6.308481974522848	6.307003089759165	6.307083104903229	6.71871903717837	6.306918630003301	6.30884060683048	6.308221044359504	6.308103906556151	6.308763871623815	6.307599795761147	6.308610577437373	6.307764371213793	6.308143561928729	6.308435005478638	6.307746061210838	7.064403309248641	6.307687138999228	6.308803704518636	6.307690405963492	6.307042855585201	6.306968125959835	6.306895501489105	6.306729358356415	6.307068195125194	6.306274274256243	6.3066979464754525	6.306974844955239	7.461046151337929	9.113420031254806	6.307472928803929	6.305706617504213	6.308462433134738	6.306725488766131	6.30527307898021	7.428667926540758	6.306092402957496	6.305758636416105	6.305357705566008	6.307281526979292	6.30525095774612	6.305908537525357	6.307711799654198	6.3066438848267286	6.307412168377245	6.307200108068163	6.305804320613936	6.306717951726834	6.305711291351724	6.305672002906368	6.306326250023678	6.3056649189333775	6.306869042824869	6.305897464836908	6.304901032058799	6.3057387425899085	6.3062561569969695	6.307349065636727	6.306488152612661	6.3060291125252235	9.299437277495128	6.305909146099658	6.306777135854504
0	8.731092091825419	7.409223798551493	0.5481243913285577	0.4424222904519693	0.4082712808405901	4.785874811779011	2.7467318081296304	11.113299202666123	6.267336385190221	9.679564602453556	11.929378535570207	10.627504025182201	9.918434532723676	10.568235597361152	10.56921962080705	10.626044375407117	9.749354606533993	11.683837656504787	10.420486029731533	11.89993031743737	10.6169182227043	11.92905156095449	11.9182140161628	8.433659254932822	12.221500260275947	9.630981214271417	9.631394014874177	9.712409363748051	6.119378470620754	9.769614049981532	12.298262800983018	12.284282143551792	12.283814342564648	12.164389028675453	12.226952003579973	12.250318141503524	12.173133091686328	12.151462388706225	12.127868416781785	12.128862851515553	9.731686634071645	10.61011064367807	12.092793010054258	11.465030022024052	12.033407478428865	7.37685793961919	6.287999991042582	7.36621567354197	6.289135641868173	6.289270154887904	6.291703243027244	10.58058951368507	10.626941638743986	10.746938768295268	15.021709246576542	12.186825551552426	12.258417940452286	12.247633910642321	10.355801622629947	9.986882984847455	12.220735475624693	15.313544324986948	14.83244969755757	16.843463553447105	19.718410939577897	19.723268835617176	19.75602685897937	19.674706742569292	19.78112279517727	19.817725702132545	24.82239033294561	19.748419823264562	19.838456681467253	19.85059787074456	19.787126191187625	19.80043607934867	19.883994926567762	19.924147471514065	25.957874974091975	24.799170371656498	23.316571256671203	19.784847344337752	19.73824002561482	26.076230175383515	19.75781576618918	20.635968430974085	24.93472645337018	25.731171238154623	19.758476835912603	25.52922938875508	19.713612430475767	25.61612527129567	19.72050504176556	19.673976389355143	19.65638077442325	19.6684974265472	19.658414835298046	20.614786021012954	19.68486026823162	19.68146066853168	20.5326697026884	19.70735377331578	23.333391175062463	17.54467525690315	23.38001204748999	20.74797055984802	19.693689700489553	19.74763210347575	17.9431981633096	17.50597319235072	19.731444498497197	19.746208354875225	19.745001514591763	20.51564067349485	16.997956098493873	19.734718207585896	19.71307788595653	19.726756449920302	19.753724554560122	24.791988854334736	19.74945333202018	19.74102844880613	25.445767343380485	25.50925089038138	24.314448309277896	25.50067200344137	19.726053919722627	25.452749917662008	27.007959167616136	27.068273739079046	19.747000110723754	19.75861266661851	27.038646516463196	19.74248546577408	20.572998564466218	25.611176420955253	25.133951126636187	26.95795393821736	23.33695490232136	19.73297682597211	23.339175815396874	19.70044307055415	23.351059395169457	19.714171090531153	19.70923964026251	23.371596575328017	19.7264043226098	23.340586179270133	19.681946910052655	24.800963077039174	19.722698287309626	19.6974938508401	23.287937205340974	25.45319220330515	27.02936349728359	25.491079065288705	23.30624889080572	27.03655243500824	19.717734768073456	27.060230067075427	25.511884818830158	19.679821478669606	19.70655320951072	27.059897741401983	25.43441174980365	19.69973138999355	23.335166098354783	19.71097522257814	26.978290855504635	27.030487338175945	23.319385145958787	25.117333011637008	23.277025692160358	27.01573466209362	23.279307780651546	19.697248841877375	19.72087207072157	23.329182945775177	23.31814076997197	26.958009446620704	27.0311892518529	26.995798735311695	23.29468570828346	19.714799996666404	23.331610734452934	19.73669581858423	19.732320587066205	23.283620495661275	26.950575476032988	27.020996306035844	19.709605053816652	19.70310442750254	27.035218343415433	26.99380835786992	19.69767207874827	26.965908369810137	23.33278128835633
