1.403713770349909495e+01,1.375728112563047567e+01,1.293713895723214691e+01,9.078524589095209762e+00,1.044122755802758107e+01,7.512775590940441006e+00,6.340990619011996010e+00,9.318559064015111915e+00,9.428705147793600139e-01,1.342208009505272770e+01,1.704142773872122518e+01,9.338554486468607641e-01,1.360615300450108300e+01,9.363399911069476556e-01,9.354446056589045266e-01,1.486702246200396971e+01,9.337841677372490379e-01,1.335767416647600925e+01,9.322101090430552350e-01,4.658165907677962458e+00
1.288319986682965634e+01,1.421859420938606888e+01,1.293704999633881769e+01,7.802591725927985777e+00,1.044185891087639639e+01,6.533175156800482775e+00,8.566016390423733640e+00,9.517665932105409121e-01,9.918517104880205437e+00,1.492260394486645581e+01,1.506675879013872610e+01,1.333450420731850095e+01,1.360446317344158373e+01,4.625181025368588550e+00,1.507728502591707631e+01,1.647451890694464893e+01,9.337706904316738221e-01,1.565287499667191717e+01,1.371188087467287708e+01,9.318794109916519464e-01
1.263545372789133303e+01,1.406909403905864586e+01,1.256594306797807015e+01,5.669360393457595571e+00,9.354971111267786910e+00,1.061937782556756638e+01,1.244515480692868259e+01,9.514902334401434958e-01,9.428576691509719110e-01,1.707919058354128339e+01,9.222266068757903668e+00,9.338579480607455130e-01,9.344325968175927200e-01,9.368864497516734557e-01,1.349803774198670858e+01,1.416585430948384605e+01,9.337695509974989205e-01,9.344262850892429695e-01,7.951209811987166809e+00,1.363933787346786097e+01
1.442002646851823222e+01,1.445165302466386592e+01,1.304129642302462955e+01,1.418386221663370428e+01,1.356321425905747802e+01,1.003875662336947983e+01,1.353472222573812189e+01,1.216934627214905618e+01,9.432745111342617506e-01,1.492665466171499489e+01,2.040581786011145837e+01,9.338482318667096216e-01,9.344040929777661653e-01,9.363240660878028310e-01,1.395337578417361257e+01,9.334696088706307959e-01,1.645778167224187527e+01,4.645471077400403104e+00,1.942199187408008854e+01,1.343778571615014883e+01
1.343870617140792589e+01,1.244388157232358694e+01,1.392080885286945069e+01,1.263168061775305340e+01,1.356309495102502183e+01,1.349725220968756112e+01,1.782414152476079749e+01,9.517456943012806425e-01,9.428296012238728263e-01,9.391261772831754895e-01,9.382035201310527928e-01,1.363093079134114127e+01,9.350924166300562668e-01,1.349671144989998339e+01,1.415386570165331470e+01,9.334714086127574584e-01,9.337821450009619051e-01,1.408352433263834236e+01,1.432696601269553227e+01,1.335703501180157815e+01
1.262816484859250110e+01,1.259048081905965688e+01,1.256499609454287558e+01,1.428535461574157139e+01,1.356309636151224751e+01,8.300415327092441231e+00,9.820778786694939200e-01,5.956332567220125718e+00,9.428313015672203923e-01,9.391271797078033501e-01,9.382028412751814983e-01,9.338451365574331753e-01,1.310404583679879131e+01,1.377174833566030898e+01,4.688928121051273656e+00,1.486558692823899719e+01,1.206957363374879577e+01,9.344217775616949773e-01,4.636323803807617772e+00,9.318813935701022455e-01
1.262686507460091256e+01,1.259064470896282728e+01,1.217145043213792732e+01,7.245599123285540344e+00,1.041109175724237446e+01,1.025169021292323634e+01,1.244515155548671004e+01,1.385319790867102085e+01,7.331374595930207683e+00,7.923413100290929378e+00,1.506282316438122670e+01,1.356384852012152464e+01,9.351152952903611926e-01,1.365666665608042152e+01,1.415177295857466611e+01,9.334672376575333663e-01,9.339688066487026319e-01,1.408346570903980322e+01,9.790770453998433709e+00,1.950332210216526363e+01
1.440574118894921440e+01,1.289917859067404038e+01,1.341053109461532955e+01,9.686710827016550951e+00,1.044121748160258711e+01,9.700522182477838484e+00,9.820777807933576131e-01,9.517309251131389480e-01,9.433015387278460562e-01,1.492287316155464083e+01,1.704936619333878411e+01,1.363983075454912886e+01,9.344039621071407176e-01,1.048987006644339459e+01,1.415378556998356707e+01,1.400938127092161523e+01,1.401680076693355481e+01,4.645336817476745317e+00,1.612943249933096013e+01,1.431615671397918632e+01
1.262817370564756203e+01,1.343782744450605193e+01,1.256596543533017574e+01,1.428528713886826296e+01,8.656745226849430708e+00,1.004405787388848381e+01,8.920609614500706996e+00,9.517456540183655278e-01,5.881645440241209499e+00,1.682139480458990732e+01,9.380972949012883477e-01,9.338482000150342133e-01,1.393971012364865913e+01,1.377175984928225105e+01,1.349917699273553673e+01,9.334751261092534280e-01,9.337834137110800903e-01,1.337794283345986379e+01,9.322106529646509987e-01,9.318897065520792555e-01
1.262529787748539079e+01,1.343803670663785610e+01,1.340958495376125548e+01,5.173984325936350714e+00,1.231154071367370584e+01,1.334797372992671605e+01,8.026152771728852997e+00,1.614756925794977249e+01,5.881636933892379737e+00,1.656852395531678113e+01,9.382179891387034676e-01,9.338555545335475161e-01,9.344085895420393140e-01,9.363659655018217176e-01,1.870331218926989436e+01,1.303501154099260972e+01,1.416197495229587666e+01,8.388766352797953019e+00,1.300978108745750461e+01,7.545333091280777893e+00
1.288781028171841925e+01,1.407043676881138161e+01,1.357689543830376699e+01,1.430192344508564162e+01,8.743482705827215540e+00,1.349702969541651676e+01,9.127749887625428826e+00,9.755177640500784619e+00,3.421271671378485646e+00,3.849651070195110325e+00,9.381061132395527302e-01,1.333433785501996027e+01,9.348516010435095058e-01,1.365545795836541743e+01,1.049060145202897232e+01,5.058780025964190408e+00,9.337110116733917664e-01,1.422545464078300093e+01,9.321622520232135667e-01,1.563607378691082950e+01
1.189415937981768323e+01,1.343762863403210517e+01,1.304382007325065906e+01,1.014224429731727284e+01,6.110767330843452250e+00,8.767609147237939382e+00,1.353470849266765086e+01,5.956993593587935898e+00,7.982352145326209403e+00,7.960783342515047600e+00,9.382118025168220132e-01,9.338467560613151752e-01,9.344058211682230164e-01,1.647789093404204763e+01,1.327159236897962913e+01,1.660974690366122530e+01,1.339379330768904097e+01,9.343876237091844894e-01,8.915291223495767525e+00,1.431602674481807114e+01
1.405386765166621998e+01,1.355336132513962255e+01,1.341053131051571334e+01,1.418334281861600488e+01,1.044262400311734318e+01,1.001704151340088345e+01,1.364034852454675217e+01,9.318549328593514147e+00,1.171242820068406587e+01,9.391380104532630613e-01,1.365345777291911489e+01,1.333450108844982118e+01,9.343677236991441148e-01,6.118948748677796701e+00,4.689036382734727226e+00,1.508022607365168533e+01,1.615440941571461764e+01,9.344312683517692619e-01,5.616516902091776231e+00,9.318800933021957889e-01
1.419800021701514403e+01,1.407126688613691279e+01,1.340979527452682163e+01,5.173982797966615976e+00,1.356309422354204486e+01,1.024914338150617077e+01,1.016474467670629522e+01,7.779625096809786200e+00,5.524021440587507215e+00,9.391377476770055299e-01,1.506682233910534308e+01,9.338479681444227243e-01,1.174060607588662286e+01,1.347793196241670621e+01,1.102427627039796931e+01,9.334665126727863527e-01,1.401680899677199577e+01,1.943739499058311182e+01,9.322085935472030904e-01,5.683427944985360192e+00
1.405347544242053281e+01,1.244388121771562083e+01,1.368342818396129168e+01,5.156037459717905946e+00,1.356334022238003101e+01,1.004409029135255338e+01,6.340794466966573673e+00,9.517472753078215497e-01,9.433061256541809270e-01,9.389033412422055358e-01,9.382040918674493524e-01,9.338452917437239931e-01,9.345188098667234211e-01,9.363811077749448764e-01,1.415381715899603243e+01,1.346234813774965922e+01,1.339340829643365183e+01,1.645913457375390010e+01,1.565401977713018233e+01,4.657460108138432808e+00
1.438317711410944355e+01,1.259042451610555702e+01,1.293957143099498097e+01,9.078524088824972083e+00,7.206016910422880173e+00,1.025414745144852979e+01,1.711499994548334058e+01,1.882263069254866039e+01,9.427105333017099520e-01,1.492667434772942237e+01,9.381664320221773101e-01,1.364262595626156305e+01,3.622126219995004615e+00,6.118979399658123874e+00,4.688934625258028177e+00,9.334700583850047417e-01,1.339500976756779771e+01,9.344165806594640911e-01,1.432226429584473415e+01,1.717619497440598408e+01
1.288780637884504010e+01,1.252324705693047768e+01,1.368342393399658974e+01,7.799807546403069836e+00,1.042637638982540160e+01,1.067626193049025041e+01,5.963115080431297343e+00,9.518122303106610893e-01,1.484741732224014399e+01,1.911304164512868198e+01,9.382139186863661662e-01,9.337873512439108792e-01,1.369514150042796352e+01,1.350843839199095520e+01,9.355338497482289517e-01,9.334686253302553194e-01,9.337830224725028883e-01,9.343942487285742393e-01,1.301157195852388071e+01,1.431542917106955493e+01
1.245785446019958975e+01,1.244388825735094350e+01,1.304154852098117523e+01,1.141916549697232774e+01,1.044123648718117536e+01,7.513074014742657347e+00,9.820791772093357963e-01,9.319297995285467096e+00,9.283957874621648898e+00,1.656810829641157312e+01,1.213568746263948483e+01,1.507379267978905268e+01,9.343978145930380563e-01,9.368821297346605625e-01,9.354336988709797129e-01,1.346284434638522143e+01,4.654202252830318187e+00,1.336031172605551909e+01,1.304046514143804458e+01,2.239387043248051157e+01
1.438333073753118541e+01,1.421646283782334486e+01,1.368342904258001802e+01,7.246358752081878407e+00,7.206016893603670148e+00,1.113173627090326789e+01,6.340989901471571599e+00,1.614738161285196583e+01,1.484745485356342520e+01,9.388558763184920997e-01,9.383150337459431611e-01,1.367877396757120856e+01,1.332476705615183477e+01,1.653765282122791547e+01,1.415265859180927244e+01,1.322955911759622083e+01,4.653901618610208679e+00,1.336178781741388555e+01,1.432365947661988947e+01,1.563634784436461622e+01
1.343800082436294829e+01,1.154932314809362381e+01,1.340977964616545925e+01,1.013851986824815654e+01,8.889625114020981655e+00,8.637609272221018486e+00,1.668169749935418977e+01,1.149880870724045145e+01,1.662125556532968318e+01,1.319159133338381906e+01,9.381742534889896401e-01,1.378969476608418887e+01,9.344069007576186747e-01,1.660919996199247706e+01,9.354348118804416412e-01,1.417602368086841658e+01,1.416201859623455661e+01,4.645711224318798571e+00,9.322115586130546028e-01,9.318813368574070388e-01
1.343583945404851221e+01,1.264289533588138070e+01,1.368267211658507421e+01,1.418460532837669419e+01,1.186473674276549417e+01,1.025178041453381184e+01,9.820771480635905881e-01,1.698542047567918800e+01,2.138504688262350406e+00,1.374816019043994331e+01,4.817656874888881724e+00,1.508348222074992506e+01,3.620895255245428324e+00,1.507663570534160336e+01,7.996854869209181871e+00,4.650472400112122706e+00,4.654882578490870060e+00,1.565286161252191377e+01,1.565577472270421211e+01,5.481197286242426969e+00
1.441491152502378270e+01,1.407189855512638132e+01,1.141841785834213141e+01,7.800351704033684719e+00,7.550338563894311683e+00,7.130514937407070875e+00,1.221954294219037962e+01,1.694034354438955603e+01,7.986044495231913842e+00,3.839999530879420586e+00,1.378088099598594596e+01,1.334267186632978408e+01,9.344050470426523702e-01,9.368914938211327925e-01,3.142789037616719572e+00,1.416619690997513636e+01,9.337788939760961471e-01,9.344014769784635410e-01,1.587888594419419519e+01,9.318783387938971430e-01
1.441099223760113368e+01,1.250854554590765311e+01,1.402411457296733843e+01,7.246364856658884079e+00,1.694120689645823319e+01,8.469759311801622559e+00,9.127735836592279384e+00,7.864092900613453452e+00,1.315805823708505073e+01,9.393273626187551573e-01,9.383063233986931317e-01,9.369561620446727801e+00,9.344041126988842372e-01,1.912991138614471254e+01,1.609905217717958692e+01,1.346073666753187759e+01,4.653919234353183221e+00,9.343868297107473797e-01,1.327415529522611948e+01,1.413226623967930173e+01
1.343613278921196574e+01,1.406914800146038402e+01,1.304129458099604655e+01,5.669358073533302012e+00,9.474030780465305668e+00,8.559024693190758981e+00,1.689312614427384673e+01,5.957018100350020440e+00,1.350075186649229231e+01,1.492287337912248191e+01,1.341039409027220231e+01,1.310226115450471340e+01,9.348438952355839771e-01,9.363837213871168963e-01,9.354769218978759016e-01,1.346270265650091780e+01,9.337810669729141866e-01,8.942755675574636243e+00,9.322258061183220645e-01,1.431674629096404416e+01
1.440574090282279762e+01,1.407276772343619520e+01,1.449843919632375311e+01,5.652018892580389142e+00,1.044121981818597611e+01,1.165758292893388237e+01,6.341270869518407238e+00,6.533429497625944826e+00,9.433036961640798301e-01,1.366012564981884303e+01,1.312206673064845397e+01,9.338471384020634591e-01,1.310410570565720434e+01,1.308042546853229204e+01,1.206664413378472389e+01,6.143640212862047534e+00,1.303133194349790180e+01,8.389077982966256286e+00,1.431984584983168496e+01,9.318795047184339486e-01
1.245785414948361769e+01,1.445050191784540061e+01,1.256456275887223839e+01,5.652141382471059572e+00,7.550339517404530021e+00,8.767586176428311617e+00,1.353453744977458761e+01,1.698339371347138282e+01,1.674242212273244945e+01,1.365454561797658783e+01,9.380951768447465255e-01,1.709088112285473571e+01,9.351137868220730232e-01,6.118966460325470536e+00,9.354411538325798636e-01,1.647468505896904745e+01,1.608480654759594231e+01,1.943739060803529028e+01,1.431694823568133756e+01,1.563401538654214917e+01
1.438333863581359218e+01,1.445050105034057353e+01,1.141841788597074903e+01,5.669492622754308542e+00,1.356312004244700731e+01,1.026927621645788058e+01,6.340963271502871201e+00,9.517600365197440571e-01,9.428702746600989837e-01,9.391103337503183823e-01,9.211524270246091106e+00,9.368440352946139527e+00,9.344003560118228080e-01,1.669816407639202183e+01,1.377889794024231662e+01,1.660979783923563247e+01,9.337793924220226804e-01,1.422542679996722548e+01,9.322086706813973445e-01,1.431617935779189033e+01
1.440574162290667992e+01,1.263847764147968356e+01,1.256500050570110893e+01,1.207055126340695850e+01,7.545601847707456677e+00,8.767585900193786586e+00,1.689336218277076185e+01,1.385226244039280985e+01,1.484739978965851925e+01,1.349962257675663579e+01,2.056791678315089555e+01,9.338345971459391937e-01,1.359013636230198863e+01,3.082023576960767119e+00,1.415295798305132102e+01,4.650452194142553175e+00,1.415965386815162752e+01,9.343433270750597375e-01,8.395146344240181691e+00,1.431606892685179311e+01
1.343649589692043200e+01,1.407239160927103150e+01,1.246266427040915836e+01,5.669358594174959798e+00,1.356312745839981915e+01,1.025579998770346890e+01,1.630438695146094119e+01,7.129441326090494968e+00,9.433087731551577093e-01,1.492667899690717448e+01,9.382103893175159914e-01,9.339419173634009308e-01,1.701450240889325372e+01,9.368302200694297310e-01,8.364012245787201039e+00,1.614175649160306136e+01,9.337951519558247426e-01,9.344181947740684002e-01,1.387854638216347425e+01,1.412940295823756642e+01
1.343800084355384961e+01,1.445021206054916085e+01,1.401832118659458892e+01,1.099244549299909046e+01,1.356310189605100902e+01,1.004405909814220799e+01,8.558628573865689759e+00,9.513490508934435708e-01,9.433034284497995303e-01,1.365454090849188162e+01,1.506166218497494746e+01,1.310113019187163985e+01,9.344035094057576707e-01,9.363352497343750969e-01,1.508017531718317095e+01,3.196847464863084021e+00,1.359521376607839116e+01,1.370555257127325355e+01,1.411696966455324720e+01,1.431616676524037146e+01
1.343672149007339733e+01,1.252812974267813750e+01,1.256473292035145306e+01,1.347683196283513674e+01,1.356309567470176347e+01,1.006870742140129948e+01,9.820776850666483870e-01,1.614327280448679502e+01,1.484741534184004763e+01,1.729446105038724113e+01,8.423337650303091451e+00,9.338476651249932869e-01,9.351144476455186538e-01,9.368779892962173506e-01,4.688926692319406619e+00,1.563308405847090476e+01,9.337818501085375367e-01,1.336175285161304949e+01,9.322092053736020789e-01,1.431542568179652264e+01
1.373958183474067951e+01,2.063830343432312375e+01,1.256596407748313204e+01,5.652137998456682411e+00,1.044178465113299659e+01,5.550724387173064045e+00,9.821650689953422830e-01,9.331249037697618931e+00,9.433028411165388372e-01,9.389095691890627648e-01,9.382140252355608556e-01,9.338447393173546773e-01,1.041997723832163381e+01,9.368948077449740230e-01,1.049060168649939229e+01,9.784629769552132927e+00,9.337721662378585252e-01,4.645374523034300651e+00,1.948318919247983061e+01,8.383811138606311886e+00
1.262817443797539596e+01,1.445020826100071787e+01,1.341080874083582231e+01,7.800338275195929150e+00,1.356336957181827785e+01,1.354363548937270778e+01,9.127733099629386615e+00,1.299058967865307501e+01,1.484741737484359803e+01,9.393279852234992511e-01,1.228740751736584080e+01,1.508109707656702803e+01,1.509553272971783677e+01,1.391226245997785327e+01,9.354723394043493734e-01,1.346085756222235297e+01,1.305096490264633857e+01,1.422588390330187558e+01,1.612938932174791873e+01,4.657418743307114362e+00
1.405725355607737725e+01,1.445021324481569991e+01,1.569316281974351313e+01,7.802596552054477108e+00,1.044264679984084054e+01,1.026968552534151513e+01,9.820783700116565429e-01,9.514913184469332430e-01,5.529672519054114943e+00,1.656814531151559677e+01,9.382157741227374892e-01,9.338443533389382267e-01,1.360615386556473716e+01,1.344749394929748298e+01,1.306066337405484390e+01,1.346259368774886411e+01,1.401673934216913331e+01,1.422587188862149432e+01,1.411745081215534903e+01,1.559271703179465796e+01
1.343588372918349627e+01,1.244391710926922556e+01,1.256500296485060986e+01,1.207332815571332496e+01,1.044178485541963575e+01,1.024914560768066885e+01,1.613903697037833851e+01,5.088189586336647530e+00,9.433004582289046258e-01,7.175921016144512166e+00,9.382100469891225814e-01,9.338322382876714789e-01,9.351152293316231656e-01,9.363330416537876122e-01,1.507775000166990509e+01,1.910735957234317794e+01,9.337900665889018459e-01,1.422588259217135231e+01,9.322213032990679382e-01,9.318818494465067603e-01
1.262817462690038184e+01,1.421682029504619749e+01,1.408869613321091663e+01,5.652137365885261389e+00,1.413532750440939623e+01,1.026989129601728834e+01,9.821605837568978536e-01,9.318547871986670117e+00,9.433031321110119105e-01,1.285169109328625936e+01,9.380947116802421659e-01,9.338410178071496759e-01,1.368934146950523001e+01,1.389105812193108136e+01,1.377751027673380335e+01,4.649245640380045508e+00,1.385630863920555100e+01,9.343961876632882468e-01,1.432639584714376468e+01,1.485240902122092344e+01
1.405473914686027648e+01,1.421833670041104369e+01,1.026857688416801828e+01,7.803011306231682376e+00,7.553555335926473546e+00,1.027307421648192154e+01,9.508931588431059012e+00,9.514911231152124449e-01,9.433066843837851767e-01,9.254574447873570975e+00,1.675099194435986760e+01,1.657855524056294172e+01,9.344111958503954485e-01,1.279490816250052809e+01,9.354349451220662637e-01,6.379137772768375569e+00,9.337823394602746685e-01,1.683494041964289067e+01,1.364562211587201368e+01,1.431607444953239217e+01
1.262751306932245399e+01,1.259041428906533255e+01,1.425473338070561091e+01,5.173987185216035734e+00,1.356312337588329520e+01,1.349724385603849264e+01,1.689376083428780717e+01,3.597973945127447504e+00,9.433013371533705005e-01,1.284578053466078629e+01,9.381912290374453400e-01,1.325924030279713151e+01,1.360445845985182522e+01,1.507330409379648728e+01,1.660982508748555020e+01,1.359352565102906141e+01,1.339388073705282522e+01,9.344294524524132672e-01,1.431925900807594587e+01,9.318794447593027330e-01
1.440574145807415540e+01,1.445872423850227051e+01,1.256500234090583490e+01,1.383645647163655745e+01,1.016937265279339186e+01,1.237755440821019448e+01,1.016470253393768353e+01,9.518301487526178439e-01,4.738033820447654421e+00,9.253709297218749796e+00,9.382123359341245639e-01,4.591480520436170387e+00,1.360781239692707167e+01,9.368840866955358004e-01,1.306117095567362085e+01,9.334681829443547407e-01,9.337792725297714425e-01,9.344159147865424009e-01,3.602431416509052742e+00,9.318764541613501207e-01
1.288319537063703280e+01,1.375267820682158515e+01,1.341062701017406589e+01,7.246365464175864801e+00,5.686896909440912751e+00,8.750482491758653225e+00,9.129195276672424697e+00,1.613241585891310237e+01,9.433042373036769623e-01,1.492287657013702074e+01,9.380981852301376600e-01,5.459720894298648375e+00,9.351154520093608591e-01,1.347809638995627424e+01,9.354339127717816726e-01,1.415866292900264156e+01,1.910663507424371943e+01,4.645544780841260213e+00,9.322039893967333235e-01,1.431639603278899919e+01
1.262808715577206442e+01,1.244415658796211943e+01,1.256616815952979138e+01,1.414528462425481870e+01,7.553552385482034559e+00,1.349711643210975964e+01,1.016474816969920170e+01,5.572233896362063454e+00,9.433227129464391014e-01,1.492261199699058238e+01,9.381256091788331419e-01,4.979337906586086326e+00,1.332475845846838958e+01,3.082051365188487768e+00,9.357875379038537167e-01,9.334593342583588083e-01,9.337803270186091353e-01,9.344301196551124677e-01,1.948406284858578630e+01,1.431512007538724518e+01
1.343757886620734610e+01,1.445021393017239575e+01,1.341047289780067509e+01,1.347674086370225943e+01,7.550327338932485866e+00,1.349723392207914152e+01,6.341270067848296499e+00,1.571243139244081277e+01,1.484741774718473728e+01,1.707939573497281316e+01,1.378085800205931832e+01,9.369749582254870646e+00,1.394138039646269611e+01,9.368702713962959727e-01,1.415294258275055128e+01,9.334757444382718594e-01,1.339385606253723893e+01,1.405589467189489561e+01,1.432092334250835997e+01,1.372752053434316366e+01
1.279263818557187271e+01,1.258988451363471661e+01,1.392080746095855659e+01,9.297240691750594976e+00,1.356313450987833313e+01,8.999054255851422823e+00,1.344173975003750598e+01,9.517442729028876558e-01,9.433591442382681658e-01,9.391425499780172714e-01,2.459905024140523810e+00,1.043097904331835934e+01,1.214559287857028202e+01,9.363225821364502544e-01,9.354352278537321208e-01,1.359559466653107407e+01,9.337718140297658342e-01,9.344168143683205807e-01,9.322096653675493449e-01,8.905467260414701158e+00
1.263517654927906442e+01,1.259069974489797694e+01,1.341054256690052604e+01,1.223420554314669850e+01,5.683143819399894880e+00,8.129257190416366186e+00,5.969216875564858249e+00,2.349767852139242219e+00,1.314810082612319420e+01,1.349962543079095845e+01,1.336103072376075751e+01,9.338446500969570518e-01,9.343988861811497459e-01,1.360663811572401194e+01,1.351395916652693963e+01,1.346281735913811062e+01,1.415819771643776903e+01,9.343963664562704441e-01,9.322012334832477931e-01,9.318879385524181380e-01
1.611975297662845108e+01,1.445024430137272553e+01,1.256500259738951719e+01,5.175348591376454976e+00,1.016960978505990099e+01,1.025086951105811472e+01,1.107293603106979774e+01,1.473961089106429689e+01,9.433050505861552137e-01,9.389246779387834252e-01,9.382122343237122575e-01,9.338403432174309238e-01,1.509447465425188817e+01,9.368943543639696170e-01,1.355827829499281023e+01,1.206509828035906473e+01,1.645773339875052699e+01,8.388775956384384003e+00,7.822357832276959577e+00,1.412961689410352584e+01
1.263546202623016335e+01,1.445049498454111081e+01,1.294070344873860989e+01,1.300609015562110748e+01,7.550334341732343191e+00,1.349746071676838000e+01,9.821463230119813481e-01,9.518463591415183833e-01,1.355429869427561762e+01,1.342401685226611541e+01,1.228397007379147965e+01,9.338491762677691987e-01,1.509444021930686120e+01,1.333019698672277897e+01,1.660979546830650122e+01,1.346123074623812599e+01,3.208715331650397573e+00,1.614026203087204792e+01,1.565304903310805607e+01,1.755532619757323687e+01
1.243480305483936554e+01,1.343594081646948446e+01,1.141841829807014363e+01,1.347511027382861926e+01,8.656756217608332804e+00,1.025003011940414233e+01,1.690364602782819503e+01,1.473961254461424275e+01,5.255897027671353250e+00,9.391399652679549570e-01,1.274093356037193381e+01,9.338480673328797277e-01,1.404271844114115630e+01,4.625142579357373052e+00,1.508325981580484765e+01,1.346491985737048047e+01,1.486584439175496541e+01,6.130674888311992810e+00,1.944071647928634050e+01,1.431667137798051570e+01
1.343670002374071970e+01,1.343532161267934910e+01,1.256500239436793542e+01,1.428483661674012950e+01,7.550356318132367406e+00,8.767630554588226488e+00,1.016465860255079079e+01,1.359387482388931190e+01,9.432992451643289478e-01,9.391388859147317136e-01,4.283302219883464268e+00,1.725131771855176410e+01,1.360442120867409344e+01,1.660920430505383649e+01,9.354343167672114490e-01,1.588579024907416404e+01,1.416512065145884058e+01,9.344074448310222269e-01,1.370739389710219491e+01,1.431608947152660960e+01
1.440574121333572322e+01,1.407282592659186804e+01,1.340976381240840531e+01,7.245799653524114703e+00,1.041109968295544874e+01,7.129471367647962410e+00,6.341005029388582237e+00,9.517241882663175501e-01,9.432998558470154782e-01,1.233174549521728380e+01,9.383129933912129905e-01,3.891966638843208592e+00,9.344067204707322549e-01,9.363203056987697837e-01,9.354992240327846265e-01,9.334745975034514087e-01,1.305096105579490384e+01,1.703626041426754867e+01,9.322082848517649900e-01,1.431613851385948699e+01
1.288780671811877632e+01,1.259065779021768883e+01,1.256499962660780234e+01,1.347663425079587896e+01,1.044121892350107217e+01,9.836863995557175500e+00,6.340997219553746511e+00,9.513354912417619769e-01,1.674247446034789633e+01,9.389043023861078918e-01,1.342559354107276270e+01,1.364748949798874911e+01,9.344046197039294066e-01,1.215016773760284252e+01,7.996856690701830139e+00,9.334628790205928839e-01,9.337841837578755300e-01,1.943812686087646213e+01,9.322091220142726398e-01,1.431726602188116715e+01
1.441099742856968824e+01,1.244387996738269209e+01,1.256500203711442687e+01,1.300617710796318605e+01,7.550319410623018257e+00,1.585338284186050295e+01,1.105324892576438955e+01,9.514680570133724480e-01,1.297754404649987592e+01,9.391088720674762857e-01,1.655213500500065393e+01,1.378939872094693619e+01,9.344022781287276702e-01,1.343603577276640948e+01,4.688919900310801303e+00,1.416597450028380401e+01,1.401683916562619991e+01,1.586543616166485293e+01,9.321999202304107612e-01,9.318796709631392838e-01
1.244096043347898117e+01,1.264289495077064984e+01,1.256500382569908503e+01,1.428528878304010163e+01,1.293755985047056534e+01,1.006861110806872794e+01,1.016474597783055422e+01,1.473961803993627662e+01,1.315807488803071301e+01,1.413653148041114704e+01,9.381901120621961576e-01,9.338465329262953807e-01,9.348453854435582189e-01,1.302336339890305084e+01,1.326943277956599587e+01,4.650443255080322302e+00,1.416070845544671997e+01,1.299670161727865825e+01,1.612923138083679220e+01,9.318786559293953387e-01
1.288779638596668953e+01,1.445021232985741300e+01,1.401451857677296431e+01,1.300608933019348967e+01,1.298136497431408642e+01,1.349624147115063799e+01,9.035855215098347770e+00,1.473707419453329059e+01,9.427076350552888728e-01,1.656830695211227678e+01,1.655207340865049659e+01,9.369571555860069623e+00,3.058767569070849568e+00,3.691532910043432647e+00,9.354290829442917232e-01,1.680400382610617527e+01,8.390281433918449494e+00,1.358109517108779052e+01,1.365578725214390055e+01,1.412681185258162486e+01
1.415337082123712342e+01,1.259050593822903963e+01,1.340989696377942053e+01,1.418424566287876587e+01,1.016937024542560408e+01,8.129213304928537553e+00,4.187196734361058326e+00,9.513541806164976800e-01,9.428300933380491244e-01,1.375789826423054407e+01,1.398753727841839556e+01,1.310134058178011784e+01,1.394056663894270542e+01,1.667879950604368844e+01,9.354374394558598871e-01,9.334646684034303421e-01,1.143140975402675252e+01,9.344367263534490986e-01,1.300978838322563647e+01,9.318682195984882011e-01
1.343649811887594048e+01,1.343781899330719831e+01,1.026879853494818207e+01,1.335740505360522867e+01,1.293755489881233167e+01,7.513080998199655802e+00,1.244515059620628961e+01,1.386986146850886037e+01,9.433040767851579300e-01,9.393260988930924871e-01,9.380924443404727864e-01,1.358707759324910214e+01,9.351151885359059168e-01,1.507327675226649077e+01,9.354364581952353541e-01,1.415983659447852183e+01,1.385674024677836336e+01,1.336039986063171803e+01,1.345106758100506283e+01,1.562827628317513096e+01
1.442002642174159988e+01,1.030220731822969960e+01,1.368342785638952641e+01,7.800349763952621807e+00,6.096651396179643356e+00,1.349629037384700680e+01,1.016474659620994814e+01,1.216950763235478128e+01,1.624518362040907959e+01,9.391402712583984957e-01,1.506679238162919710e+01,1.657867067397170402e+01,9.344033375144816800e-01,1.344894998386176965e+01,1.660976353962454866e+01,1.647516680868417893e+01,9.337839736580533234e-01,9.343972983495955065e-01,1.357463492346452760e+01,3.599561673531914252e+00
1.244093885015372969e+01,1.244433483235976823e+01,1.341040604372244260e+01,1.238819099056487794e+01,9.350214781142296872e+00,9.089575030977476544e+00,6.341013585401277020e+00,1.385154583343014956e+01,9.427221642058728479e-01,1.492287699558918490e+01,1.312772683730178080e+01,1.367880096077380969e+01,5.015888501375252773e+00,1.349118975926049302e+01,1.653155292086297834e+01,1.416928563989773870e+01,1.359323174745008700e+01,1.335757621431121223e+01,1.512555091535694629e+01,4.657469457785928135e+00
1.441493875916843237e+01,1.445021213003249905e+01,1.368463349419669051e+01,1.347514436997549581e+01,7.550333923809668057e+00,5.550222086745083772e+00,1.598362746598691686e+01,9.517513878968548724e-01,1.484741739089208856e+01,9.391391655322581800e-01,1.313029757574647149e+01,9.338327235834661399e-01,9.344038851651352839e-01,9.363826369083558809e-01,7.996049712732189008e+00,1.416671427769094649e+01,4.653887096760005448e+00,1.358100917544726371e+01,1.432697648997513618e+01,9.318790639253369257e-01
1.252209655796889543e+01,1.258990177439473435e+01,1.256500190118091886e+01,7.246549796193809456e+00,1.044121382245200991e+01,1.111926238701042102e+01,1.598265857443157500e+01,9.517376026786268373e-01,9.428482561428723763e-01,9.389014273784854758e-01,9.382130631541268917e-01,9.338400900630241530e-01,9.343782735220074187e-01,9.368894781707617359e-01,9.354324922745450577e-01,9.334684112810410772e-01,1.402234649090495999e+01,1.408354095646231841e+01,4.642009165946105576e+00,1.412667484915839999e+01
1.263279960992780460e+01,1.244385609173671980e+01,1.293709769616374494e+01,1.347663232684556434e+01,5.688125093019488432e+00,5.550232367776208875e+00,5.503461734933104310e+00,1.364025470197512391e+01,1.484740637886896941e+01,9.389018010643820356e-01,9.382150285294035275e-01,9.338490334603624099e-01,9.344045056665715165e-01,9.363287521166148153e-01,9.354343809917438080e-01,1.346072033673349821e+01,1.402233368782233569e+01,1.372334353979925758e+01,1.040146600396548315e+01,4.657751182903173692e+00
1.442002644762680674e+01,1.289900202834214582e+01,1.340978787632813507e+01,1.335887205573960124e+01,8.656762640675086828e+00,9.093932633022477674e+00,6.340323017890699298e+00,1.299050479770181354e+01,1.679405009698425744e+01,3.850640248512539277e+00,1.655227284201624371e+01,1.274648276724534668e+01,1.701537089849562889e+01,4.625263491399399740e+00,1.306073318281288032e+01,9.334668568066234462e-01,1.303590250040265808e+01,9.344330462435045392e-01,1.300296462097131567e+01,9.318896362017583535e-01
1.262817503220983362e+01,1.154023286365777068e+01,1.256499927775086434e+01,1.207126652950231183e+01,1.356337290874910373e+01,7.129791410924137374e+00,6.340945948651471653e+00,5.957019996125155537e+00,1.643316461562347186e+01,9.389048145813796431e-01,1.704137185510716179e+01,3.896948826515875819e+00,9.344065364462965650e-01,9.363160412495475926e-01,1.102424656527603730e+01,1.303336598353618747e+01,9.337884417628909972e-01,7.101437411369962760e+00,1.432227206740571646e+01,1.295892637575830797e+01
1.263546195823404439e+01,1.263848969578609704e+01,1.340993583230339503e+01,1.347684175449535182e+01,1.016937300964049307e+01,7.513070591393323561e+00,1.598215045782133181e+01,9.513454320740636350e-01,9.283867021615767712e+00,1.492668156691402181e+01,1.359119881239143091e+01,2.612159638091909653e+00,1.701436983300861527e+01,1.102437907901101433e+01,9.356525565263922317e-01,1.614178951447531674e+01,9.337676913764674236e-01,1.943765052959218664e+01,8.385305909127819035e+00,7.252387013380861447e+00
1.262686740949473574e+01,1.259065055236984065e+01,1.340964734208353448e+01,1.013851950577058858e+01,1.414670533071567249e+01,1.003876960946647046e+01,9.801291483538669524e+00,1.406837598327401295e+01,9.428599279293897739e-01,7.925067862813588881e+00,9.379436854292348968e-01,9.370471322083179899e+00,1.360815685330009828e+01,9.368926564468792462e-01,9.354345555123468881e-01,1.322690349953544597e+01,1.303224543524021328e+01,4.645289027404106541e+00,1.948318110326732011e+01,1.431653368412449367e+01
1.267462397642318628e+01,1.258988310398145316e+01,1.246266427192080961e+01,1.223419852664528484e+01,8.656746684171501727e+00,1.004404012270531332e+01,1.353310029762508293e+01,1.300303799883441336e+01,9.283821880128511950e+00,1.341926546831702716e+01,9.382022496807259637e-01,9.338447145473415256e-01,9.898612641995510941e+00,1.385844934689098729e+01,9.354983994813382830e-01,7.983810557881041881e+00,9.337833790509437737e-01,1.372312757332425193e+01,4.636362483197758344e+00,1.300614313062328797e+01
1.441099593687863134e+01,1.289831437274996162e+01,1.340975079323958497e+01,7.802590745717608023e+00,1.356311933991321617e+01,1.237758083261478959e+01,8.026910509576143937e+00,9.518326578327723775e-01,1.170141498492262677e+01,1.492667742823875798e+01,9.381904602824951978e-01,9.338554894467634426e-01,9.350879740031463605e-01,1.381315829094940106e+01,1.414097635035867384e+01,1.321497437767295757e+01,9.337792733340645190e-01,1.336229571726920717e+01,8.391461977914195458e+00,1.563838917438478759e+01
1.288781435250482232e+01,1.259064439842659233e+01,1.425429744094875595e+01,1.383850021217516968e+01,1.044124070907326818e+01,1.164784090237177061e+01,9.801234281056801834e+00,1.217474266852395814e+01,9.427128617401858701e-01,1.492668472109071587e+01,1.506079822730029072e+01,9.338488694860225259e-01,1.659978143088867242e+01,9.363293931316042373e-01,9.354728067845474726e-01,1.402913203365014461e+01,1.586680409821724780e+01,1.558426354147498571e+01,1.335431100865750587e+01,1.431513220820042775e+01
1.262686888491280790e+01,1.439289816263628907e+01,1.256499770427802609e+01,1.014251040215265753e+01,5.683140715241964180e+00,1.401531531610197234e+01,1.598362900695974531e+01,9.517214400196121193e-01,5.513917900819337525e+00,1.492667890657148000e+01,1.506684563649914921e+01,1.508308900716213863e+01,2.042461049285826746e+01,3.080676681959184648e+00,9.354325833410447322e-01,9.334717416259861178e-01,1.486500690860242813e+01,1.484362154619642027e+01,3.199716760591969855e+00,1.737486099436339160e+01
1.343778479429129291e+01,1.343763359108606359e+01,1.256596725303156958e+01,5.669358133418904266e+00,8.733614279692007543e+00,1.224092040049939101e+01,9.820832706045562466e-01,9.513313573984069071e-01,4.892034172508087586e+00,1.492667902089626963e+01,1.359117607109299364e+01,1.507378626175349012e+01,9.351151516551151621e-01,9.367500344556860536e-01,1.349970519941170188e+01,1.346181092989406558e+01,1.339364730918342516e+01,1.336031587995915437e+01,3.602427625969687686e+00,1.281469706571681755e+01
1.244095796351493988e+01,1.445021224347451394e+01,1.256632308784030982e+01,1.223480847217194167e+01,8.749061802654059861e+00,1.003847125469398094e+01,1.016466025370279702e+01,9.513454615445784412e-01,9.433129005316828186e-01,9.391342936923317009e-01,9.380900318999468857e-01,1.507396055274277202e+01,1.508735678753931353e+01,1.349206530885645883e+01,1.415791473537167455e+01,9.334767352535958684e-01,1.415963670803630592e+01,1.484361505646771917e+01,9.322074698260360837e-01,1.431674530321355121e+01
1.343800118962166401e+01,1.446011553549024597e+01,1.425865308880166005e+01,1.335683139994618429e+01,5.687750014162709533e+00,1.349702949796859208e+01,9.820779508166225247e-01,1.698329639243909028e+01,1.679103789614229569e+01,9.389047729202926185e-01,9.380512430996545969e-01,1.364536694814766449e+01,1.593478399360548714e+01,9.368261427285480281e-01,9.354339944238780902e-01,3.197473388002852523e+00,4.653899401954071813e+00,9.343978998174586881e-01,1.432479570179547324e+01,9.318821216998360857e-01
1.262333384225611610e+01,1.289816643178294697e+01,1.401391116090427502e+01,7.802605512365830442e+00,1.356315074472071380e+01,1.349702816471417677e+01,9.822236675565115815e-01,1.385226415064062522e+01,9.428943313313595809e-01,1.492667593918994662e+01,9.380939494454563210e-01,9.338393424823809852e-01,1.508807583882606629e+01,3.080918810581596556e+00,7.996013254720303998e+00,9.334666429189572012e-01,9.761314747349386423e+00,9.344192023336066466e-01,9.322068412346399269e-01,1.356997403037991745e+01
1.288319474316980795e+01,1.445079406163883640e+01,1.256597631439143115e+01,7.800349240526447403e+00,7.206018141279747269e+00,9.513754245820871702e+00,5.594141812523914403e+00,9.331242626833223142e+00,9.428691990677700030e-01,7.966987121211338341e+00,1.506715060641065485e+01,1.507380530375219152e+01,1.368971812486231165e+01,1.726584324116705105e+01,1.660976384931541716e+01,8.390756151101983917e+00,1.339340273539011861e+01,8.783247602461758063e+00,9.322091339924248876e-01,1.388778436274488826e+01
1.438317213456115695e+01,1.343763792370915766e+01,1.663941469749089563e+01,7.802730057788354934e+00,7.543617155453530287e+00,1.025170012990840007e+01,9.801337757933557882e+00,1.473713009051199840e+01,3.738148026926958245e+00,7.391281346330394797e+00,1.375271741218409183e+01,1.613846647519880051e+01,9.344073151613855321e-01,1.301921539885546686e+01,9.355242556099252482e-01,9.334792148882198326e-01,1.401680462649551551e+01,9.344365186593912576e-01,1.565501018700546076e+01,9.318810951315865676e-01
1.440574093536245392e+01,1.370857432433620282e+01,1.141841791147988516e+01,5.173984447026139577e+00,8.733613610381324222e+00,1.025002719027471265e+01,6.341003470399126485e+00,1.570534622100735156e+01,9.433019968601170646e-01,9.391285048296270643e-01,9.382830614002098946e-01,1.507965554927621810e+01,9.243233300506020100e+00,9.363388866627545548e-01,1.355775576115583014e+01,8.960801522395254182e+00,9.337814226332186163e-01,1.565275119738523024e+01,1.944069092760804907e+01,1.589547822792809662e+01
1.243188986961287767e+01,1.258988316818665787e+01,1.304129569788525522e+01,1.335682736339179932e+01,7.550341365043914621e+00,1.236840354753912230e+01,2.110931712158086615e+00,5.956367366150559839e+00,9.428312213540704922e-01,1.492667943984286971e+01,1.506116973273837978e+01,9.338524641463363807e-01,1.103861271659829235e+01,9.368268224565521329e-01,9.354547734960327876e-01,9.334719997892971799e-01,1.615156395068026640e+01,9.344139612822435215e-01,3.198989450428601167e+00,9.318784942867318621e-01
1.263545704223391830e+01,1.343596146858780571e+01,1.408869652443945775e+01,1.237018311907250201e+01,1.612653235778287097e+01,1.112604570140733173e+01,1.016475137091822845e+01,1.386984310612384697e+01,1.484741659911906630e+01,1.342394063954767702e+01,1.506730650086375611e+01,9.338419369005102055e-01,1.369556552657377324e+01,9.365492098699764734e-01,9.354352332433845119e-01,5.058446548267436782e+00,1.401681298435361889e+01,1.337793030250360360e+01,9.322091380193243682e-01,9.318780065236743626e-01
1.343504191667221370e+01,1.343566847046599655e+01,1.341071788375927021e+01,7.246019495256932785e+00,8.652865377382173762e+00,8.129293434409825991e+00,9.306055446913019225e+00,1.366382040393663466e+01,9.433043940947503092e-01,9.391411698493196125e-01,9.381332442220225998e-01,1.412026675884247418e+01,1.360448153781976899e+01,1.349140138211707196e+01,1.376763656196426489e+01,1.362344959504356190e+01,9.338012021205520652e-01,9.344266713962865456e-01,1.432429524426745715e+01,1.302343570674113593e+01
1.288764275521073444e+01,1.343655630751865893e+01,1.341071689363217523e+01,1.383601123378156039e+01,1.029897385452821057e+00,8.767586899701486303e+00,8.017414032873542595e+00,1.590567536371809432e+01,9.433053816191854235e-01,2.424759099944896690e+00,9.382141451989758352e-01,1.614030382274323117e+01,1.659975141426656720e+01,1.507921739593642307e+01,9.354346608361966409e-01,1.400790027924670333e+01,9.337813036750528539e-01,9.343968919407364959e-01,1.401676713396702212e+01,1.431715158213580708e+01
1.343611675365527347e+01,1.439294442002737817e+01,1.392078368775336372e+01,7.800600283121296386e+00,1.356309728022969985e+01,1.349624156294310318e+01,1.418498762428503213e+01,1.474030760268165707e+01,3.424945592703665831e+00,1.707939749958577025e+01,9.381034671765984267e-01,3.891966145098483931e+00,3.058206451610822718e+00,9.368906312468012754e-01,1.415178216600429195e+01,1.614174666062294961e+01,4.653921106583911005e+00,1.335914321247603453e+01,1.411695364421085763e+01,1.563341025830960263e+01
1.262817473202692220e+01,1.258988402569813125e+01,1.340985305560512231e+01,1.300608969335335985e+01,8.657049384715632456e+00,7.513076787608121698e+00,9.820779694896871748e-01,1.590531240232386523e+01,9.428481619621331689e-01,1.646702217876766383e+01,9.388026543802792112e-01,1.310082607075079508e+01,9.346489868087071162e-01,1.391226016451195413e+01,1.355580158303625637e+01,9.334748253213163149e-01,1.615156042356645472e+01,9.343824782599788881e-01,4.636373929153983831e+00,1.431670218833236241e+01
1.343527556057677153e+01,1.244388147514418108e+01,1.103673775737532736e+01,5.156036937787639829e+00,1.356309338366687989e+01,1.003873707569762352e+01,1.427041488348525178e+01,5.957020564204674073e+00,9.087878203164468260e+00,1.492261624219456806e+01,4.607698109449896329e+00,1.508005738297551801e+01,9.351147479581171096e-01,1.507314828878797108e+01,9.355237535015598072e-01,4.650570096030998357e+00,1.415935149366129941e+01,9.344047719010845077e-01,1.411732902630982700e+01,4.657382462491188591e+00
1.373937165534462146e+01,1.263847634740275261e+01,1.341071351471915740e+01,1.207067739922364957e+01,1.356313190710999805e+01,1.025003201229987759e+01,1.797244758467351389e+01,1.216957071352589637e+01,9.428328129945841019e-01,1.232783639776715212e+01,9.380972953734686426e-01,9.339010091038328909e-01,9.344033989097615400e-01,9.909241954308686928e+00,9.277628409480367822e+00,9.334469431247698346e-01,1.713766836469049437e+01,1.422696522275965414e+01,1.432002059125261084e+01,4.657532252709509102e+00
1.405035262321445089e+01,1.259064427454952728e+01,1.341039404180955508e+01,1.275514062270494620e+01,1.356309751418987908e+01,7.513048135653418669e+00,1.353378719636085492e+01,1.385231523882119831e+01,1.484741256831019740e+01,9.389054533172110917e-01,1.506727870973391958e+01,1.438559506259485410e+01,9.344736898713608131e-01,8.297301405109458017e+00,1.212458447494283398e+01,8.395026057524527019e+00,9.337802635745914293e-01,9.343997685675717868e-01,1.357634398911658202e+01,9.318784369833512660e-01
1.245648427923256563e+01,1.343781523513125364e+01,1.256486933160577912e+01,7.800243042133000237e+00,9.491131682052927232e+00,5.550244704783738214e+00,5.976918452511899460e+00,1.694879060772834478e+01,1.484741788650894456e+01,9.388797589509926267e-01,5.506011004468214232e+00,9.338874182367512544e-01,1.569284173665371540e+01,9.364822698758933361e-01,9.354344561791936297e-01,1.346181813504188263e+01,1.486582033648122625e+01,4.645555662224808202e+00,4.640723249647205506e+00,1.431600836580379088e+01
1.440574802240205798e+01,1.244388146513806781e+01,1.401286032230721013e+01,5.669357361037466347e+00,1.044121858739081254e+01,1.236332716971892509e+01,9.305864266878177915e+00,9.515249646862863342e-01,1.350078204938142612e+01,1.349979662917758461e+01,9.382152881372416431e-01,1.508348311345317505e+01,9.351151471570928742e-01,1.361012155239095023e+01,1.660982688280607178e+01,1.512705412414391937e+01,9.337826119940695335e-01,1.335704453120288093e+01,1.432641946381480125e+01,9.318794776528926960e-01
1.262528964385098185e+01,1.343811997978443351e+01,1.425844717986737464e+01,1.383850066172042936e+01,1.044178474031441617e+01,1.349702979734516184e+01,1.244517824203748546e+01,9.513434596871110926e-01,9.428174314814714574e-01,9.389065079989438178e-01,9.383133617755461398e-01,1.043095743244614582e+01,9.343994670144629699e-01,1.660918216346075127e+01,1.507774613522999552e+01,9.334106749134478687e-01,1.339389797553639561e+01,9.343787445343659792e-01,1.432000284472804097e+01,1.563753267720180240e+01
1.262686889730259487e+01,1.406869643388796476e+01,1.368344682853288496e+01,1.414480618116982491e+01,1.356309580481277699e+01,1.349747398980468915e+01,6.341014748611412344e+00,9.513488766935637164e-01,1.390863861350527309e+01,1.492667899615958760e+01,9.382029966084665107e-01,9.338468995366221437e-01,9.351130843821611194e-01,2.045830876737277748e+01,9.354293448795720778e-01,1.588597741869639002e+01,1.339365045774138352e+01,9.343905391784388392e-01,1.565401898072786580e+01,1.431513276720196082e+01
1.288780541417202308e+01,1.252326665458619992e+01,1.368433951277982707e+01,5.669496714619290501e+00,7.545594441824648335e+00,7.513036935952593254e+00,9.305870850762362423e+00,2.326228917457834111e+00,9.433016021780925575e-01,9.391261515944115956e-01,1.228696082083040331e+01,1.364885022113708679e+01,4.633396155414235551e+00,7.991886878692681329e+00,1.508504386421594390e+01,3.197288798034048973e+00,1.305095779913520104e+01,4.645618818103614878e+00,9.322131244882109202e-01,1.950331070256504518e+01
1.405725353503540376e+01,1.244416842594226758e+01,1.103677042539613495e+01,1.207068476345749275e+01,1.356309425422914927e+01,1.025002335232682604e+01,1.244514796901669484e+01,9.517382529896287746e-01,9.433026435681115540e-01,1.492667963495173034e+01,1.704140012446547914e+01,1.333449128870348410e+01,1.041987639693341450e+01,1.660918819636672694e+01,9.354981987346736583e-01,4.649609511398151263e+00,9.337853071732672428e-01,9.343118336212211661e-01,1.432696667566997206e+01,1.753259841706140065e+01
1.244063378287637178e+01,1.407043984083895083e+01,1.246266553898834850e+01,5.175349766202621105e+00,1.694114717282718630e+01,1.237727386944719399e+01,7.556297982764847099e+00,9.518346838835347601e-01,9.433056058390297816e-01,9.389043661939875385e-01,9.380952734422826067e-01,9.338467743963302370e-01,1.382416150478222328e+01,1.507873353921059767e+01,1.355828065831014584e+01,4.650996854660653490e+00,6.366800590937194748e+00,1.336178557384543097e+01,1.432000839279271531e+01,9.318873160388307930e-01
1.343526839664422745e+01,1.445021020011678381e+01,1.409018072607689831e+01,1.347515334281429489e+01,1.369019057009130869e+01,1.349724306373096105e+01,9.820859133317494383e-01,9.516698961213160279e-01,1.484742104544707431e+01,1.492287561414857322e+01,1.588949701773601575e+01,1.507392478565314775e+01,1.041985645577480035e+01,1.389099762579684061e+01,1.415384767220588280e+01,1.742033486075179383e+01,1.615426664850230765e+01,1.671817856080841125e+01,4.636681119981137300e+00,3.057659592938763549e+00
1.263243601633599589e+01,1.343592398793199294e+01,1.368425717464221769e+01,5.173983922764724852e+00,1.356311191318950904e+01,1.367267856135662818e+01,9.821715891700618650e-01,1.473714042745474018e+01,1.350018675284012559e+01,1.375791423372462496e+01,1.506711066347469163e+01,9.338580874566475565e-01,9.344043423069060550e-01,9.368928563800786868e-01,8.385195045194699048e+00,8.920946729556957777e+00,9.337672200409686818e-01,1.299553733245107701e+01,1.432296125516870511e+01,4.657127418132287033e+00
1.368068137506553938e+01,1.445051379262741342e+01,1.340978809491586610e+01,1.347673772101041401e+01,1.356313877445227867e+01,1.025002899767339315e+01,1.710973319545013638e+01,1.359203596354913302e+01,3.924040823934782374e+00,9.393285414934062771e-01,9.382133329185258219e-01,4.586115820965810386e+00,4.633407322502137049e+00,1.279656197059002487e+01,1.415381016730220409e+01,9.334667685350555022e-01,5.067648708910405198e+00,9.344267719609803402e-01,9.322088726577626439e-01,1.388740457243468107e+01
1.343549702062207452e+01,1.445050004630105001e+01,1.256500194701595241e+01,1.347670468972059332e+01,1.044178286716462978e+01,9.845233785702793838e+00,8.016691814723063914e+00,9.517466332869108925e-01,3.943173710055594139e+00,9.389038925004526970e-01,9.382113698214128439e-01,9.338499231608421436e-01,9.344032481043859084e-01,1.667903941497043263e+01,1.915562545371587433e+01,9.334659835342558054e-01,9.337738835874282994e-01,9.343970364679657914e-01,9.787919761130005725e+00,9.318798835960317994e-01
1.262817515617311415e+01,1.259045088909475041e+01,1.256473177730736523e+01,5.173949037718179156e+00,7.545968877271692854e+00,1.349703730403927793e+01,1.662264587748336098e+01,1.359955887141616238e+01,1.358752854874136418e+01,1.393084432602598888e+01,9.381020295591273594e-01,1.412258763975906106e+01,1.508871119216723500e+01,9.368217789004421592e-01,9.354966879757725673e-01,3.196873840735736216e+00,1.401679924300328928e+01,9.344195279073957972e-01,1.645186589588817583e+01,9.318782648468179053e-01
1.262818904898255212e+01,1.289917946685971906e+01,1.218401520584292363e+01,1.099524221207239805e+01,7.205867679894130795e+00,1.349623323990453727e+01,1.349551748097174553e+01,1.694227827421699573e+01,9.433007922399617717e-01,5.853695337270273136e+00,1.704136064869872058e+01,9.338542021277090877e-01,9.351153993223875194e-01,8.022163897870166593e+00,9.354339320436317884e-01,9.334699363952650986e-01,2.170947509800589970e+01,9.343966289919987123e-01,4.641332691813057743e+00,1.564085778565681650e+01
1.245785477588590950e+01,1.259042396974217937e+01,1.256498214098270516e+01,1.347513955075312175e+01,1.426504021502543473e+01,1.003847677052373655e+01,2.114655663607909464e+00,1.694871931431233847e+01,9.433117468892138202e-01,9.389033890129313553e-01,1.705512966815452813e+01,9.338492152593135254e-01,3.058479070272076772e+00,4.641099998445843866e+00,9.354975596535420879e-01,9.334594039638104412e-01,4.653904184529815247e+00,1.565288885441524691e+01,4.636370884892093258e+00,9.318776290585142341e-01
1.343642895714509677e+01,1.344972444767711117e+01,1.341071722434973879e+01,1.207341784986632405e+01,8.656686251824469380e+00,1.236333266368467143e+01,9.821566326553364812e-01,9.514546332808190288e-01,4.895998399338766127e+00,7.657119520385142764e+00,9.382150731015556078e-01,1.375659586787383759e+01,1.509447615658474895e+01,6.119397254237727068e+00,9.354326707420395071e-01,5.052997604897259798e+00,1.415173941622054166e+01,1.422588154131575777e+01,1.948525077750412748e+01,4.658154994446075392e+00
1.243189711191126889e+01,1.244416437027989630e+01,1.341045193871155838e+01,5.156038434241478008e+00,1.356313123653214703e+01,1.424616308451204283e+01,9.127725811072130213e+00,9.319450914786989060e+00,7.863119798305589825e+00,7.976114676203065912e+00,1.655226579535148801e+01,1.507380916009559613e+01,9.351143103677563850e-01,1.507664325156251550e+01,6.155396802188363381e+00,1.303551328963782119e+01,1.167684023043147512e+01,1.408450337812814190e+01,7.947602464123469268e+00,9.318785282844198603e-01
