1.327775599840882315e+01,1.280628875678139877e+01,1.325694625094716628e+01,1.377204724772097144e+01,1.343886267973001836e+01,1.370881129649049868e+01,1.790466119714724802e-01,3.258152639157212982e-01,2.817013000389358979e-01,2.610725571191992445e-01,6.803360503310323937e-01,6.245810601799970385e-01,6.951515765368448951e-01,5.790481466887590356e-01,4.878256584044460276e-01,4.033464564093316440e-01,8.613435408899491330e-01,4.514429530505188470e-01,4.104750001277323590e-01,7.949119709989825866e-01
1.289438489158502499e+01,1.312197618917832287e+01,1.306951956529472625e+01,1.340549533791075554e+01,1.344892814236165357e+01,1.358988618377571100e+01,1.353723625724943957e+01,1.354957066309649427e+01,1.354970106135570873e+01,1.470602258134013951e+01,1.475673651799702668e+01,1.460338557397478176e+01,2.287620633580434770e+00,2.113404967203937002e+00,5.150722460204900655e-01,7.279092525105994582e-01,5.543124715892814303e-01,7.944385696567977106e-01,2.745736295013513351e-01,3.407204577230594222e-01
1.249140383980351388e+01,1.271627292624196315e+01,1.347344416131736899e+01,1.323837704367761248e+01,1.346680540103775137e+01,1.334071311158123052e+01,1.328332040185804352e+01,1.390520257796073977e+01,1.391158103743592811e+01,1.431168635365989417e+01,1.423613571802926714e+01,1.678005489787388171e+01,9.765850186306915148e+00,3.999573362505493446e+00,1.343489901945361664e-01,3.668012978273966773e-01,4.132010363515591922e-01,7.025561575413108439e-01,4.135678017705717857e-01,2.054066683624230505e-01
1.146377895905480315e+01,1.225976645670371390e+01,1.266276969820541964e+01,1.383136164400021961e+01,1.405795114124544831e+01,1.351078557769365140e+01,1.381058585201910027e+01,1.073797206012462535e+00,1.333561015224116186e+00,7.999113478001271815e-01,6.611014957342760123e-01,3.569458475009432141e-01,6.673993634371218064e-01,8.974985959680301661e-01,6.463247039509989467e-01,5.249187690601991862e-01,7.681269596482954709e-01,4.819776074993259440e-01,4.720623802553508552e-01,1.509107923917131222e-01
1.216769797914840723e+01,1.218392857800395390e+01,1.246210462423922927e+01,1.332231209602487354e+01,1.349076249441147546e+01,1.362985011165924831e+01,1.361478919500967777e+01,1.552644677627425729e+01,1.529179723402654467e+01,1.544620835665781122e+01,1.703708087477145128e+01,1.494177818909678379e+01,1.533774462484706014e+01,1.493147479737256411e+01,1.382013197238620705e+01,6.740180635579515744e-01,3.455696255854647791e-01,5.712623007973743894e-01,8.490209537824389141e-01,9.770963849532230405e-01
1.392356326077604756e+01,1.323418146869407508e+01,1.379677564940640622e+01,1.359208960025918245e+01,1.364022994067406636e+01,1.380919286562201975e+01,1.412813496124027424e+01,1.390418084844462143e+01,1.341121757551135119e+01,1.630169948751003872e+01,1.534180930388058073e+01,1.519485317301987770e+01,1.551146160082776682e+01,1.559774306152355372e+01,1.590154553278839877e+01,1.384133011771165656e+01,1.451556969282929010e+01,1.443301775004243837e+01,1.410233085202841430e+01,1.407370294362684149e+01
1.468140842282211089e+01,1.342456079289052973e+01,1.374980519236861198e+01,1.415160877773307746e+01,1.359814491302773298e+01,1.340610197706430284e+01,1.350637250186405858e+01,1.564165432259093791e+01,1.536977751089797017e+01,3.342759793460542195e+00,1.886699814737239356e+00,2.186438179962019834e+00,4.819927517860880251e+00,3.720509697275162786e-01,3.021318885026528789e-01,2.496998581346894508e-01,5.327506103161916418e-01,5.354670132090499912e-01,4.935530957863269452e-01,4.247035098052345803e-01
1.382794568577713079e+01,1.375236179105488610e+01,1.356837969482146278e+01,1.339849417981289648e+01,1.356565699262373492e+01,1.377103017979047195e+01,1.335144652512123997e+01,1.360630314614963687e+01,1.371340948644684232e+01,1.568319303181712243e+01,1.565295269169333991e+01,1.583988822492349335e+01,1.575798160697587846e+01,1.612321393629989075e+01,1.576270425766392158e+01,1.252654190305495963e+00,8.609604169497588888e-01,4.804170636121523480e-02,2.835469920698177049e-01,4.800286181820397902e-01
1.361334456049915786e+01,1.281587737034451102e+01,1.365057672916533527e+01,1.337133885523275190e+01,1.346410728684630875e+01,1.358234537999135227e+01,1.386208551093117691e+01,1.375354510854015722e+01,1.380127970629695788e+01,1.593935473749221821e+01,1.676604357078316099e+01,1.557075264814482196e+01,1.480698251911544006e+01,1.498724157530288004e+01,1.427174223543175380e+01,1.348914880344572298e+00,1.625910916533660933e+00,9.766896241799682965e-01,8.262565155414882678e-01,4.331692916709214969e-01
1.250038596424530546e+01,1.261850750157465662e+01,1.349668708518736082e+01,1.359008786106836908e+01,1.369152881905657182e+01,1.356829701829655654e+01,1.345833157678682035e+01,1.380696080265958869e+01,2.042616250929952137e+00,1.736928682180829631e+00,1.259295356203298910e+00,8.192584140922416491e-01,7.499501515081464786e-01,5.934217278744423618e-01,6.179035766849884093e-01,5.104594672129691979e-01,3.430746831416984777e-01,5.982090963111840187e-01,3.414596973623568732e-01,9.780034567730204742e-01
1.282205903495560229e+01,1.327498967410042319e+01,1.358857533353362612e+01,1.329729549685034939e+01,1.342389938978638853e+01,1.329506301733385598e+01,1.383208374049871736e+01,1.339752680567174004e+01,1.377220628288194426e+01,1.378139433389529600e+01,1.535084401282645317e+01,4.940698842595067086e-01,5.571533279701629260e-01,4.849589007053092815e-01,3.227113506878234173e-01,3.546911166545969052e-01,2.853844688189786649e-01,1.682109011362223350e-01,4.226733743117586095e-01,6.606242461804933130e-01
1.387653341961769371e+01,1.274598418045201598e+01,1.246616972637048271e+01,1.386745140215886174e+01,1.369217202320658799e+01,1.363354456399995485e+01,1.357742233119271980e+01,1.394882308307963292e+01,1.403495942917143680e+01,1.327659706432224773e+01,1.526899489575018265e+01,1.609233540711067079e+01,1.618282105680966865e+01,1.529443920979236893e+01,1.371829868314024736e+01,1.587911341185514402e+01,6.648629065235270863e-01,4.331358163517455839e-01,1.435489985213444231e-01,3.750855400521544980e-01
1.440687148828034481e+01,1.278008542464971065e+01,1.326034383564189412e+01,1.303357611691209073e+01,1.323392321490466372e+01,1.335710865051596130e+01,1.350899214771628820e+01,1.395737014273495724e+01,1.399068005694124039e+01,6.371878589179952312e-01,3.927985222839545099e-01,7.261355766977302117e-01,4.761754685119946595e-01,5.941869415923795028e-01,3.851293435753679328e-01,1.596505911672373157e-01,5.790456242272916665e-01,2.414747368537797922e-01,2.580464636940745238e-01,3.352620557715002003e-01
1.290388282394630082e+01,1.340605584972617059e+01,1.349742199324124847e+01,1.367161112578990156e+01,1.363831094185224835e+01,1.371449667448355747e+01,1.349958028779948016e+01,1.263249971311592112e+01,1.403300562135996898e+01,1.704746080952656939e+01,7.900265105167018076e-01,2.108872036401329420e-01,5.509318150011862647e-01,5.042574624092929225e-01,2.461890508083976747e-01,3.981543096407426097e-01,3.601575093595701382e-01,5.969776320164734695e-01,2.401080678602271479e-01,2.568699495890326978e-01
1.262065725189575538e+01,1.358022887985646499e+01,1.321586497918421976e+01,1.320242168064943122e+01,1.370924557528702792e+01,1.354879423124091176e+01,1.358977999088664923e+01,1.367446912623598188e+01,1.340796682333042256e+01,2.779711571770416612e+00,2.644770321824652104e+00,3.261197008433713851e-01,4.857790661457626613e-01,4.526326859204985453e-01,1.041955557860555270e+00,5.299517292942447222e-01,5.436824945577726220e-01,6.914289949291996251e-01,1.454501698490726358e-01,3.391936512954109029e-01
1.313208733022419139e+01,1.321620851742315494e+01,1.339501304948188398e+01,1.355872254584066283e+01,1.386172909769021011e+01,1.392115861803751997e+01,1.371431587635561655e+01,1.347740033510002178e+01,8.932576681173141964e+00,9.194205875027533281e+00,9.191046553833482236e+00,1.570844931431117075e+01,1.464966090539003574e+01,1.579051076582175250e+00,5.570040061592111957e-01,5.255569457647335518e-01,7.041083973463009293e-01,1.898082547630665917e-01,3.012985329006850344e-01,5.271076106637733183e-01
1.229402508595115506e+01,1.267385499237076019e+01,1.384917675670377868e+01,1.341036723268724096e+01,1.362022581841884517e+01,1.371965066952135714e+01,1.368324559180507194e+01,1.370944379053734075e+01,1.399227451217353213e+01,1.506739798607186387e+01,1.490057792077496401e+01,1.460012597023339076e+01,1.385332171132173329e+01,1.537536091071640243e+01,1.118002301986742220e+00,1.439809245426127760e+00,1.125681623810829368e+00,7.327718709946721143e-01,6.144747567993198434e-01,6.227859623979391523e-01
1.362887469008581398e+01,1.328122564409717654e+01,1.365808155263717616e+01,1.366400343243626558e+01,1.353215052266481244e+01,1.378501386167701526e+01,1.354076925737512660e+01,9.224385726885589776e+00,1.385029875234286401e+01,1.546087906620297581e+01,1.032590421026363003e+00,8.845780884058358495e-01,5.508966590687841558e-01,6.336606762542719151e-01,5.668554273978599900e-01,3.800696255824824732e-01,6.429686819699227396e-01,4.891912251761888486e-01,1.742300943189852291e-01,6.194652482328177889e-01
1.353075449986051026e+01,1.281844663707902399e+01,1.340202475849834585e+01,1.387530416322657700e+01,1.397953512716900271e+01,1.384761081041219555e+01,1.377408868967678757e+01,1.714195220067857051e+01,1.565949259088735346e+01,1.558264943616554987e+01,1.597767390422240119e+01,1.406503172176106808e+01,1.501960942660288723e+01,1.373782150991073481e+00,1.182134446451725607e+00,3.511969602294562898e-01,7.429685409513986372e-01,6.240271686422511621e-01,1.355177538580862873e-01,2.802929301631084114e-01
1.304263883708055083e+01,1.374047728386745604e+01,1.389156393905499520e+01,1.350024626701138963e+01,1.357718696820601068e+01,1.350574784582310883e+01,1.353525695423118336e+01,1.376329278318528893e+01,1.389039023978153331e+01,1.634476172735244859e+01,1.553229520088914128e+01,1.710921854380399454e+00,1.073052296203144268e-01,6.984943354887832578e-01,1.125327880286658838e-01,6.912983264293026675e-01,2.536224507067449951e-01,4.903858594353055489e-01,3.142491876030421016e-01,1.783417654206449487e-01
1.435680989826823506e+01,1.301362543771077718e+01,1.284382305645466715e+01,1.379778040734365163e+01,1.378642158325188660e+01,1.350628081181271867e+01,1.325630475199940861e+01,1.633049159819057294e+01,1.513519085581728163e+01,9.095268255930427870e+00,1.593731212155717536e+01,1.509230515183103627e+01,7.453387609364122701e-01,9.954225080527179248e-01,6.496676461755405141e-01,1.903807662763958630e+00,1.420717023960294423e+00,6.559887848953752654e-01,6.618715189116521902e-01,3.996755488244352894e-01
1.348792686990561762e+01,1.339730774156330639e+01,1.370511573800355443e+01,1.341309016524811426e+01,1.329539003214440918e+01,1.378614219354521353e+01,1.339094471297823752e+01,1.396464386088733178e+01,1.510818466883289801e+01,1.506778874617386421e+01,1.653605602334944891e+01,1.547237609862549057e+01,1.455367748524592386e+01,1.393963358736693969e+01,1.276099533641331218e+00,1.266230680162666156e+00,1.047685148608870520e+00,1.195858734186439953e+00,6.696204490989710045e-01,8.271211295072601333e-01
1.275331702188409189e+01,1.260258873632370324e+01,1.217792275874510999e+01,1.334456905396326754e+01,1.355822238178695827e+01,1.353659835486068985e+01,1.359136390843536724e+01,6.491869547458385625e+00,4.531206231309178101e+00,1.510541312644125611e+00,8.603977490025731534e-01,8.502810901109569830e-01,4.741191804087004358e-01,4.082752911121546036e-01,5.359976137888647907e-01,4.938148173569315014e-01,4.861061728026353501e-01,9.118329311908899282e-01,1.863121218172039961e-01,6.953149926578187090e-01
1.232126622373271729e+01,1.249226579380117563e+01,1.252518594698558196e+01,1.324463447488733259e+01,1.323554973512968758e+01,1.330607224602753114e+01,1.367023998722184253e+01,1.395949423585840421e+01,1.517141995725517312e+01,9.123203759590186479e+00,1.624625341711459114e+01,1.509725802645550985e+01,1.688309864100165214e+01,1.570193564967814126e+01,1.493572389389716903e+01,1.432324505512227653e+01,1.401039054613731771e+01,1.390398273133951434e+01,1.422643456551048224e+01,1.426222999440305372e+01
1.417273795564225480e+01,1.266978894670504374e+01,1.335172748481123861e+01,1.326289131661684806e+01,1.331244884390443950e+01,1.360700779561106621e+01,1.315413508268696852e+01,1.369109557972542213e+01,1.328753564818514477e+01,8.267507675591575733e+00,9.192988616949753222e+00,7.385861386267142947e+00,1.466950168549691291e+01,1.374823059820121429e+01,1.360926685929871027e+01,1.432859634440691465e+01,1.356437465710780366e+01,1.358945802169763439e+01,2.223471768823627404e+00,4.036761197694332948e-01
1.325145102378644246e+01,1.299305325234638353e+01,1.253217130834818782e+01,1.387842514533346083e+01,1.359340691375656718e+01,1.361166409662273047e+01,1.358862053027154282e+01,1.370525376308870236e+01,1.376668969513014495e+01,1.580311900099868261e+01,1.596428504973583706e+01,1.574941517318137940e+01,1.573220989780014989e+01,1.605753775759337998e+01,1.388654018379263100e+01,9.246612082917300413e+00,1.378235305022868173e+00,3.834866409166085344e+00,9.142499622695310357e-01,4.919129669025231744e-01
1.319031245244012140e+01,1.307195298445482834e+01,1.329604084462445890e+01,1.353889627101371751e+01,1.369831507108752433e+01,1.367186823608279767e+01,1.362786853033831846e+01,1.363981155888938446e+01,1.342802571160196123e+01,1.478391544884934206e+01,1.512245354258453389e+01,1.587956502857438323e+01,1.392443752436508042e+01,1.533991820997153965e+01,1.371567704276140276e+01,1.384299811531166391e+01,1.355237022248861400e+01,8.719348884876181316e-01,4.397866698439362176e-01,4.831676243818049943e-01
1.259976507467570883e+01,1.396898121689428862e+01,1.415663354634874871e+01,1.382974822477223498e+01,1.370742687432111317e+01,1.307150140013166784e+01,1.318571698134952719e+01,1.370410445142667122e+01,1.363950023274275836e+01,1.694199999437370607e+01,1.619119542016201763e+01,1.421025743800188579e+01,4.191207854595493387e+00,1.670109965442976829e+01,4.389129093420693906e+00,4.374611440534853735e+00,6.877823324757134094e-01,3.361976797227173575e-01,3.576229886765680543e-01,4.730580298904057401e-01
1.281500837987632835e+01,1.281978168156330078e+01,1.271238524188219721e+01,1.311459302065554944e+01,1.247297612891310159e+01,1.350327525842089216e+01,1.262790214750949680e+01,1.403091376942851198e+01,1.497021458572163866e+01,1.463020877420120591e+01,1.555207390471990081e+01,1.568900540562892587e+01,1.555796267586261195e+01,2.146296516320696846e+00,4.623525905147532811e+00,4.792839269214438369e-01,2.082940022859147700e-01,3.887196711817836325e-01,8.024939456158451945e-01,9.167929876879024054e-01
1.318012124649649941e+01,1.319701256501150688e+01,1.383577725506996536e+01,1.318183058134397889e+01,1.327233679898176710e+01,1.350033496226869367e+01,1.350915800127699740e+01,8.321827001948569613e-01,1.121982768978702083e+00,4.400174821478197162e-01,3.276395077365012454e-01,6.688851729447481409e-01,4.935497184351985700e-01,6.838359874107602376e-01,8.662858497920633560e-01,4.308675185764985760e-01,5.026255296485953039e-01,4.091372863047855746e-01,3.116273899754833376e-01,3.908122500573802394e-01
1.285133477540524538e+01,1.285838034580028300e+01,1.243727572898801803e+01,1.374294871798298345e+01,1.336248416979197806e+01,1.391388279741060607e+01,1.354945505203918188e+01,1.381955801839398923e+01,1.466200855940307868e+01,1.565700557353044076e+01,1.581804731681859089e+01,1.691255483849245422e+01,4.507447227661780076e+00,7.112015165511174075e-01,4.554039852356887019e-01,8.730430348040320032e-01,1.279260093730903713e-01,4.347062131411137953e-01,5.623442843490832344e-01,4.457499546959535763e-01
1.260102357662950112e+01,1.345746523000114081e+01,1.248777992164276185e+01,1.323960329155993421e+01,1.350396905523436608e+01,1.365777985754316326e+01,1.371871263318691803e+01,1.353408924437975713e+01,1.374331327201131181e+01,1.314153350502601292e+01,7.777616059648474689e+00,1.551340915947899823e+01,1.392238681315838633e+01,1.498004999527286074e+01,1.416443884675751086e+01,1.376308361304292660e+01,2.755835886237081755e+00,2.796974631948080603e+00,4.911801957637026428e-01,4.455739909398542808e-01
1.259524663279174916e+01,1.243144960415141753e+01,1.227607479335046214e+01,1.311349786026506159e+01,1.369344226842039092e+01,1.337517522434894346e+01,1.368539514209959584e+01,1.336254843504512957e+00,1.306666305518908500e+00,1.127894195740306582e+00,6.368295437224652522e-01,6.321002432439193353e-01,9.553202432755502072e-01,2.735240697649421460e-01,4.365031121737985020e-01,5.973379955932088814e-01,6.607145834615320013e-01,6.385899617398593797e-01,4.179366412232545791e-01,5.842424189357159348e-01
1.493729268865862458e+01,1.452881974343346094e+01,1.387004191409005927e+01,1.425103978543958227e+01,1.394303746702332525e+01,1.419566860153428856e+01,1.336118972787092751e+01,1.229370515859786650e+01,1.380354791320228358e+01,8.908265668466333054e+00,2.652562822714959467e-01,3.616229945893018605e-01,1.632058137372656426e-01,4.569878071810871689e-01,7.906354171011982235e-01,3.195372266320917198e-01,4.491755922997370809e-01,3.869388691489017429e-01,8.918700467949789434e-01,9.609064717017880008e-01
1.417903681613366196e+01,1.343352006513790364e+01,1.201540354036515090e+01,1.206448700519932160e+01,1.375411335655602230e+01,1.367308386088662076e+01,1.342628039273233220e+01,1.625109695696348311e+01,1.325975263549276661e+01,3.303154118350926094e+00,1.536886567594110353e+01,1.494450633977115572e+01,1.577425997225487286e+01,1.398701383632895379e+01,2.685763163935477760e+00,1.393783447677358112e+01,1.362418382759638291e+01,1.447215819757352406e+01,1.427564158354004320e+01,1.382933559403388024e+01
1.482240975011514017e+01,1.433607929388285918e+01,1.367805778532227912e+01,1.327091320794038332e+01,1.358657012715173629e+01,1.365420733714968193e+01,1.403049501216274386e+01,1.391198106862706574e+01,1.481631290812624790e+01,1.531009035815572616e+01,1.040668564145701191e+00,4.353222591032264166e-01,3.855279626784027802e-01,2.015416431804467334e-01,7.905938927960031171e-01,3.029261214561492777e-01,2.645417277409276013e-01,9.473216236635291221e-01,1.972010633610276065e-01,3.709354316348186797e-01
1.389562290521467247e+01,1.355640550050862636e+01,1.356746601568567279e+01,1.349612721188559483e+01,1.374808291981233310e+01,1.357445939220103170e+01,1.348788497699950995e+01,1.361431308158070230e+01,1.364019028681798673e+01,1.492214918641622745e+01,1.438021129679204480e+00,4.824004199965582496e-01,7.962697025546946472e-01,2.537192754718154419e-01,3.765089371219870196e-01,3.232761746305963801e-01,2.929537376879266519e-01,3.971294653894241744e-01,2.555490320975918883e-01,3.401960667570010921e-01
1.347712333845221089e+01,1.359148139256901011e+01,1.330028974804989517e+01,1.327863638611687058e+01,1.341593120271889106e+01,1.357989556219027705e+01,1.354842700042987680e+01,9.290396479725536949e+00,6.439188134975934119e+00,1.359007205392693596e+00,1.084918005750552306e+00,1.125699506413496920e+00,9.946934161835859767e-01,6.222467756829276331e-01,1.178748842810989628e-01,4.132067561943447709e-01,4.077229104064243326e-01,4.762924594913667820e-01,6.313293431316732152e-01,1.449775117149228465e-01
1.448038721880398683e+01,1.441176663099720479e+01,1.245803137220708301e+01,1.244594297871558730e+01,1.337684436688092404e+01,1.360259092242178269e+01,1.364026471680115549e+01,1.610590911146946524e+01,1.394987123122649919e+01,1.569333681105404743e+01,1.477663641945513007e+01,1.651857939358480820e+01,1.587034687284755918e+01,1.591262913080058894e+01,1.374856038780100675e+01,1.330581042849677154e+00,1.274112378169761417e+00,6.933159357434818260e-01,3.620187899480704630e-01,2.876430673058257836e-01
1.335475413396224909e+01,1.337715232652607789e+01,1.348765466563638249e+01,1.324523704110666777e+01,1.352677883299154615e+01,1.352258252834863761e+01,1.333667997643625114e+01,9.003544475263391078e+00,1.386554347293991185e+01,1.645947025928103358e+01,1.546854428952108940e+01,1.522978420303468283e+01,1.412793921817968901e+01,2.216091333518062978e+00,1.527558845309151536e+00,1.360339552143751796e+00,1.028519950088076618e+00,4.381609901991987410e-01,9.343622647241903723e-01,4.060863744622144611e-01
1.329089350069979147e+01,1.259641062481003715e+01,1.397701222915811492e+01,1.384435940259143827e+01,1.362196257999838167e+01,1.379671840802199334e+01,1.353447678827679646e+01,1.352390678354852405e+01,3.922829765729410667e+00,2.631158357206031084e+00,1.547450521269629231e+00,7.039068289435430614e-01,4.074174308877689943e-01,9.022292356742011021e-01,4.629021166450249525e-01,4.671536089119252555e-01,3.561766666589132879e-01,5.272548129733628519e-01,4.773502518500920555e-01,2.137465994437066363e-01
1.316986152934440568e+01,1.432565779105334336e+01,1.343433602120754777e+01,1.337609026752227059e+01,1.324076732042321503e+01,1.360111582113273165e+01,1.342967192325217773e+01,1.388400069837711825e+01,1.728134434406850772e+01,1.328390884287101947e+00,6.929789413882050386e-01,3.389218870009452211e-01,4.155716949196655019e-01,1.804170376701865197e-01,8.450144178509546578e-01,5.724277654110550007e-01,2.368239399640431064e-01,5.951520376738672624e-01,4.141948373137693262e-01,3.693668019340914932e-01
1.382060906486513119e+01,1.397486270386716178e+01,1.398356036540119085e+01,1.341016203247899341e+01,1.357278802890075653e+01,1.329565901915663950e+01,1.371647860186685541e+01,6.810902098011856864e+00,1.347736249281547316e+01,1.349582828423245928e+01,2.114133733558638983e+00,2.460944438857356698e+00,1.226421064974972053e+00,1.303280028874777230e+00,1.054186036674432891e+00,5.554104324601292220e-01,8.807277989090096515e-01,6.509000223189649326e-01,2.342800889607024872e-01,6.085002922777175138e-01
1.346651910381719297e+01,1.346567230491072564e+01,1.374740302508365097e+01,1.314983419915828655e+01,1.372799047245272774e+01,1.345251629781378000e+01,1.348869085579086224e+01,1.351633874484347153e+01,1.367402027426133060e+01,1.359205924868927085e+01,2.405262886325648441e+00,1.527382692733590197e+01,1.543077869893533460e+01,4.240484787317957971e-01,7.766098905146698872e-01,3.644501830560760158e-01,3.749382332507986693e-01,6.247880969416025332e-01,3.619647176135463162e-01,8.100251940815310636e-01
1.354503373390229370e+01,1.341265432399937474e+01,1.228060002195950418e+01,1.392071112325265325e+01,1.349085325922686174e+01,1.339641874772055274e+01,1.325791202741759456e+01,1.236005239947350809e+01,1.361334290888211918e+01,1.363803401130645909e+01,1.675144136717239363e+01,1.639686772488580147e+01,1.574680381016344732e+01,1.652772995332700745e+01,1.378651669381749834e+01,4.480763043570204829e+00,5.128457172227782301e+00,4.482400253200679252e+00,3.620235101331766181e+00,4.563319483981151059e+00
1.180649326726351411e+01,1.288998542370109313e+01,1.235282872414409461e+01,1.317939456172688750e+01,1.314760374380659158e+01,1.349919319050556155e+01,1.329885081294041349e+01,1.633914888756064698e+01,6.494325980601781012e+00,1.150671179862076343e+00,7.423820692299341051e-01,7.852799807884967009e-01,4.785052252865015787e-01,3.565243250872767167e-01,5.999954572023981081e-01,5.278874737916763316e-01,4.075788709196223047e-01,5.820821207797578500e-01,3.233548795811552745e-01,5.908315787512165018e-01
1.200801644831256354e+01,1.258589193899245728e+01,1.287914596540784196e+01,1.333004555519435286e+01,1.357241844099709915e+01,1.382873771882512060e+01,1.400217281753955234e+01,9.265906739210690191e+00,1.368502263587605050e+01,1.712273920922372028e+01,1.481443325854369597e+01,1.518195484344392732e+01,1.497890143399312635e+01,1.526054205576918221e+01,1.413217338497261899e+01,1.403669016694256477e+01,1.407894611720078615e+01,1.402005689502822072e+01,1.353378331750517205e+01,1.574054453109585161e+01
1.381971017419717818e+01,1.349695454929009486e+01,1.343531180016205262e+01,1.381253269558942343e+01,1.377927064097885079e+01,1.361338519537188674e+01,1.351565933134847342e+01,1.480074963538892341e+01,1.374800481754618886e+01,1.466107539235817647e+01,1.606662970972098137e+01,1.560777845092611749e+01,1.430751582564184332e+01,1.398591335192542928e+01,1.373769950033579335e+01,1.371828205656809274e+01,1.408666372705766001e+01,1.390731362276349969e+01,1.397661485636285228e+01,1.387988062475835171e+01
1.343484445060727595e+01,1.370170038803780344e+01,1.332357330724456013e+01,1.320928441980287360e+01,1.341833923196228895e+01,1.382275829741049655e+01,1.341791162071917043e+01,6.573157996336903786e+00,6.660192144357411692e+00,2.252836853008699070e+00,1.435091647166950590e-01,3.095081538132359311e-01,2.391850298966371469e-01,2.932374156032436785e-01,4.477281255065122534e-01,4.270272229664539010e-01,4.805653220857757368e-01,4.323645572829847850e-01,7.766697313100977551e-01,6.547223415081430131e-01
1.482339685556838837e+01,1.315284089766863040e+01,1.313170835213966825e+01,1.300856184128276105e+01,1.358864480078245407e+01,1.390062456158533521e+01,1.375894361327712900e+01,9.031370269132512618e+00,1.361746873641929412e+01,8.880882766720427313e+00,2.942782519878627046e+00,3.997222103570584051e-01,1.329145354408064750e-01,6.323378771703550560e-01,4.702686036955545656e-01,5.988126218523506239e-01,1.020356351162670983e+00,2.894722615160459367e-01,4.741139382462215557e-01,1.219336955610318962e-01
1.370432767522444450e+01,1.388208985733891154e+01,1.386670043534138408e+01,1.374184517566143704e+01,1.369443800317845472e+01,1.371011691485198902e+01,1.342130812397343576e+01,1.403240398567860758e+01,1.408472106430786752e+01,9.372997229078951165e+00,1.534684739471218151e+01,1.539653487394454778e+01,1.509544700752124946e+01,1.345183795626829415e+01,1.390159689433271950e+01,8.934426683808587288e-01,8.108272347989720075e-01,3.815937486973464132e-01,5.986700450453147360e-01,8.544215653701860980e-01
1.157513204741689350e+01,1.212590608007697490e+01,1.246097376832723391e+01,1.390261307906218136e+01,1.334308061735057294e+01,1.367908536180549284e+01,1.340347659658276491e+01,1.364625285696538270e+01,1.512488101253003947e+01,1.500496644855917516e+01,1.358276136351124741e+01,1.504541430588301942e+01,1.435398570384641204e+01,1.380555479783393125e+01,1.389752531106919520e+01,1.359557478490259541e+01,1.378724595183673429e+01,1.388478819842549683e+01,1.369015119677711745e+01,1.399162648159849098e+01
1.185093462175770185e+01,1.287534848899174023e+01,1.351929601861840169e+01,1.334838818378348257e+01,1.368865876325940256e+01,1.333834251049201924e+01,1.350269141404887918e+01,1.353052323838308801e+01,1.386250615968834943e+01,4.058633676884215724e+00,3.857011178025994802e+00,1.515557110715699096e+01,3.586531542961313157e+00,9.038234869233617852e-01,1.288197698896940357e+00,1.050362284091999721e+00,9.605245197929932477e-01,6.127975220913779442e-01,5.714544841414098686e-01,3.415705185808927125e-01
1.482598963995414643e+01,1.334895903005409501e+01,1.446965626716041875e+01,1.320159967418305413e+01,1.371486197111390659e+01,1.386864280272431493e+01,1.382589716408872427e+01,1.216002345567827092e+01,1.574499382120465540e+01,1.550868852337384141e+01,1.574647442007890419e+01,1.467286941416396751e+01,3.901574369448375545e+00,2.153318195780435484e+00,2.227776636213445460e+00,1.865049965905734686e+00,2.622431991174629662e+00,1.552682997987990143e+00,1.297914741919275361e+00,7.036525137625386783e-01
1.275252085941352931e+01,1.224703550526845497e+01,1.337616083054271776e+01,1.346737912000538984e+01,1.326727959186750283e+01,1.346028650737084931e+01,1.345509413765765494e+01,1.674401569098311171e+01,1.567373297791666609e+01,1.466365842781446105e+01,1.692935413512321574e+01,1.665252761173860208e+01,1.601229153821838125e+01,1.423069366733664687e+01,1.401386403870540853e+01,1.375169057584980514e+01,1.390460151070929129e+01,1.360722524767140840e+01,2.055711578488748525e+00,1.416149617594024512e+01
1.374904835842611384e+01,1.346927373513515036e+01,1.404356567818341084e+01,1.345545061228894035e+01,1.401428062636500371e+01,1.352032976880419035e+01,1.336081495462221014e+01,2.015972595474075035e+00,1.543653900974230053e+00,1.600447984049201189e+00,1.045325367881790868e+00,1.632550565688294153e+00,2.794692147960732842e-01,6.553349316147323300e-01,3.069375374752042474e-01,2.830151194445407747e-01,2.875678825134330152e-01,7.032501947811057308e-01,4.580453058473812900e-01,7.673773448168075273e-01
1.403015733555216471e+01,1.388217215294174878e+01,1.230401572473552463e+01,1.311676657614316710e+01,1.377746395381859479e+01,1.398069157745643132e+01,1.359748698011935986e+01,1.368311719921118197e+01,1.406689531014802874e+01,1.371509747971671622e+01,1.525298989323960264e+01,1.572011909071277458e+01,1.415903562523328674e+01,1.524855522293835897e+01,1.378850172692743925e+01,4.625295793677380196e+00,6.183621040081718201e-01,6.061683573801904812e-01,5.795549023523889343e-01,2.601994032028595027e-01
1.480690546546269815e+01,1.454021329433041743e+01,1.355310918438475731e+01,1.311456337954062690e+01,1.350993986582774653e+01,1.363415624879404575e+01,1.298143505168600953e+01,3.720450565653396602e+00,1.365777192879057544e+01,1.378876648646231828e+01,5.450586072608253119e+00,9.176979421257222214e+00,4.278106533214696583e+00,3.226309726126215249e+00,7.186419860836630313e-01,7.983159329232001333e-01,4.603858122951808851e-01,7.179286302132726894e-01,5.593488212483556099e-01,6.760772087543596154e-01
1.411130697020651859e+01,1.464822117102455934e+01,1.361194487466083380e+01,1.290738365213657168e+01,1.334347197209317493e+01,1.329743409157472023e+01,1.370938346544077291e+01,1.612723244547289880e+01,1.375315694851670756e+01,1.649820930520677820e+01,8.813122297957235451e-01,8.606193819466201322e-01,5.065114586297361221e-01,4.773729561497149776e-01,6.776273470515962183e-01,3.475966438863711816e-01,1.138941543455491839e-01,2.793916223167943191e-01,4.659366659769218488e-01,3.372648868761016772e-01
1.420367379030978405e+01,1.235367929219243166e+01,1.367202545727742802e+01,1.367485643733918543e+01,1.308150589644447059e+01,1.356841078100746500e+01,1.391313495802643807e+01,1.384289217629570601e+01,1.343810470510957877e+01,1.484389170583429163e+01,1.541179055878587256e+01,1.560529588691467495e+01,1.548575306251977679e+01,1.512623940545560686e+01,1.545875740180660074e+01,7.202904325893881854e-01,4.596459684428890746e-01,3.478953417367963152e-01,4.404165355483862232e-01,5.575260974837811245e-01
1.285901851311915856e+01,1.279222041836809787e+01,1.340521191866127637e+01,1.408688645116672156e+01,1.061784622001261269e+01,1.008139901891529000e+01,1.390400840460672782e+01,1.384235221625255896e+01,1.397373417647474625e+01,1.614162441955630101e+01,1.505523489261449477e+01,1.471318286943438913e+01,1.641013699062614606e+01,1.647328424546067893e+01,2.340982340817153950e+00,1.545222524038733392e+00,6.056002584694442081e-01,9.614049015692014422e-01,1.367643823037053341e+00,4.449000785445943462e-01
1.433548926218301389e+01,1.270133923518101859e+01,1.322903323585339486e+01,1.357389606865015530e+01,1.354977646799297197e+01,1.344278394180537362e+01,1.340751882069445777e+01,1.360447805749621253e+01,1.385340424652268076e+01,1.373504833657598390e+01,1.263933344397183767e+01,3.574381289057777966e+00,2.101881841958698871e+00,1.573323051430227881e+00,1.417700404063578334e+00,1.605213818876467968e+00,7.364987172495921497e-01,8.862748215198742452e-01,4.962729016066449450e-01,2.846646858163395244e-01
1.309520906793753348e+01,1.334017391133148855e+01,1.254637338282861414e+01,1.340089131805381228e+01,1.383553179088717577e+01,1.371158369687825207e+01,1.385733645552312865e+01,1.368159030488809158e+01,1.356327116774483166e+01,2.005396810029899779e+00,6.558519499936237285e-01,5.701882710952059785e-01,9.511378063925578497e-01,1.084618986766659354e+00,6.076053980382042363e-01,8.260849838636133979e-01,5.541664171491062635e-02,4.493744535918172134e-01,1.073816352487056092e+00,3.210366712791997701e-01
1.413066740347354333e+01,1.409675606771734202e+01,1.355584339245466374e+01,1.341235337265455030e+01,1.353395605499001064e+01,1.364501801952653715e+01,1.297476653626154075e+01,1.307731357664254190e+00,1.203736123551468529e+00,7.499505327469864202e-01,9.376578841709997114e-01,3.337225987824921636e-01,7.859331764698841427e-01,5.440674946848741422e-01,2.710260700296078240e-01,7.968944877460090170e-01,3.808479326977337043e-01,5.435367939610018517e-01,4.179742590522054768e-01,6.778559600044492539e-01
1.235870427774552383e+01,1.333009972271872456e+01,1.230802451081888904e+01,1.345391383063287272e+01,1.369525920802218444e+01,1.363152953919799515e+01,1.348559336703862854e+01,6.254608584002353311e+00,6.355038476849369289e+00,1.492921071893099239e+01,1.440189017688528317e+01,1.619953699619729548e+01,4.004391260033537958e-01,2.779127482833889662e-01,4.684857180057329651e-01,1.503060811763264060e-01,3.276499396885806381e-01,7.187872379406610168e-01,2.531640563282366307e-01,5.574922886341308059e-01
1.179676300663082067e+01,1.355462091500506716e+01,1.279575614483113633e+01,1.384959529598985739e+01,1.376187113131205031e+01,1.004076479194273830e+01,1.393320846557568160e+01,6.261543218615525319e+00,1.445040288984582810e+00,1.172732097401229856e+00,5.136550224916989205e-01,6.741786261030904837e-02,3.525203640836895302e-01,5.457524952937130580e-01,5.201757433944655951e-01,5.908770009983103089e-01,2.085253671855873958e-01,5.329609679284162960e-01,7.600693459165104304e-01,2.303150969343328580e-01
1.378072534358024903e+01,1.221469896583561443e+01,1.358757795125584167e+01,1.364960972955612384e+01,1.370812219853353042e+01,1.339171155185687923e+01,1.329997998128358638e+01,1.348482816593232769e+01,1.417908654248945588e+01,4.612069707766132787e+00,8.532941666472160236e+00,1.248775782092030795e+01,1.508299401732333855e+01,1.528590855231038326e+01,1.866638848865016964e+00,1.768368667168564334e+00,8.535847435933110461e-01,5.918653640162958585e-01,7.479015093559094884e-01,6.900089143690063542e-01
1.471296577890744040e+01,1.318244968657151261e+01,1.372732224925340638e+01,1.441170739780559096e+01,1.392189267374239670e+01,1.354308084285572278e+01,1.334844666094758914e+01,9.736591242517611988e+00,1.368621881946697272e+01,1.531042645171196037e+00,1.394843265694705403e+00,1.219785969498643929e+00,8.954595693306945936e-01,8.603719912946290460e-01,2.704244742907207510e-01,6.016358586236029149e-01,5.910005654226285765e-01,6.737486854227905386e-01,9.658086575091364701e-01,1.062833479591347663e+00
1.392846117573405351e+01,1.417056056704582545e+01,1.227452691238283755e+01,1.263606629237783885e+01,1.355384792398306715e+01,1.377736648003615905e+01,1.371101441279808242e+01,1.380252279504163226e+01,1.356741119395422324e+01,1.376640659948757417e+01,2.578159630556677850e+00,2.081078215473676885e+00,3.760161434462425678e+00,3.877581813421541401e+00,3.868563439147962857e+00,9.622223103226551499e-01,5.674829214594868665e-01,5.498972917773423674e-01,5.194929607804870120e-01,7.958428182123776784e-01
1.326908579702877233e+01,1.360115030529320812e+01,1.249205326197259147e+01,1.247263862439926640e+01,1.376161352960053108e+01,1.343612947534342261e+01,1.362183336144848944e+01,1.358512497524359297e+01,1.324560585598677420e+01,1.549452969728213958e+01,1.584534515308414804e+01,9.329958769778325944e+00,1.499451275804701389e+01,1.340375545164040716e+01,1.638606742748898881e+01,1.352797883838351645e+01,2.373346568549635993e+00,2.049779650185781676e+00,1.407466836862350412e+00,1.494572572789214293e+00
1.257466706555738156e+01,1.246053432117456161e+01,1.277577678103172865e+01,1.338659756245315968e+01,1.309846692655121281e+01,1.375891067255670386e+01,1.343538054108351432e+01,7.840643611149412884e+00,1.696921079366833141e+01,1.607030261608543498e+01,1.616372804838812627e+01,1.603868671885177122e+01,1.568904523201489987e+01,1.536770646581064881e+01,1.417810138935126041e+01,1.374332325627349860e+01,1.397206083639912144e+01,1.392497798270251685e+01,1.386653831944347282e+01,1.420177817301185108e+01
1.195506846182134275e+01,1.321054824557020524e+01,1.356543610535786648e+01,1.360255079116651444e+01,1.366563724459515683e+01,1.360729033487200113e+01,1.338033763279552169e+01,1.357165119979338108e+01,1.400345534003086989e+01,1.566070517634870640e+01,1.537142668983335625e+01,1.551663095010744264e+01,1.570572341646736270e+01,1.594225249360286512e+01,1.394826065459298370e+01,2.491118611009110584e+00,2.558031658893775706e+00,1.377978086284772630e+01,1.426021378632833247e+01,1.915780023563799839e+00
1.455999363161585158e+01,1.227555571682896307e+01,1.361354344530458960e+01,1.377950234558422160e+01,1.397344138227139609e+01,1.326260679967186817e+01,1.343751991978527016e+01,1.521968018851482896e+01,1.569431197034754533e+01,1.559083887096033649e+01,1.514001762891493108e+01,1.512620836670208568e+01,1.540054402443690762e+01,1.508497874074665468e+01,1.345714037321757317e+00,2.921134369694469712e-01,9.878834765310093857e-01,6.663539417517083674e-01,5.057862670935105998e-01,8.556142495765715061e-01
1.351665142927922147e+01,1.350122469783792667e+01,1.348705055634547989e+01,1.370325163505118304e+01,1.367206742121161156e+01,1.367389783074194298e+01,1.337282557040905573e+01,1.246935485345884231e+01,1.551972685049171119e+01,1.576304331987133445e+01,1.529869950001083545e+01,1.527718639174039517e+01,1.574781369673424969e+01,1.405700394530783193e+01,1.265575241167152143e+01,1.374259851848278835e+01,1.434276559593259037e+01,1.572486014857278924e+01,1.389471285324747818e+01,1.390505228139755012e+01
1.195659890164503558e+01,1.365652305429854785e+01,1.277011264585514638e+01,1.432262226228094093e+01,1.339859773873090099e+01,1.334770101120827412e+01,1.366637217811195626e+01,1.460563255265959626e+01,1.426444667702189939e+01,1.444261036212894922e+01,1.496868144412463764e+01,1.476725260163686748e+01,1.019902947478460886e+00,2.264679519465643942e+00,8.070007458330658023e-01,7.642772947304371511e-01,4.330619905719723661e-01,4.962348513865735833e-01,5.201874343109302856e-01,7.619561505255623146e-01
1.400505754179456730e+01,1.373147608874903725e+01,1.354659703467225640e+01,1.344830845204374903e+01,1.345128351743117889e+01,1.347896116382367993e+01,1.380642557472987697e+01,1.636599045439929512e+01,1.297783356556932866e+01,5.645520363419098686e+00,1.604956480901778093e+01,2.143806165163695709e+00,1.272618296856292242e+00,1.264434243561016302e+00,1.057816070152351129e+00,7.672260839351205952e-01,8.888705720924290343e-01,7.462354226562675219e-01,6.602355560392620948e-01,2.360503505603434582e-01
1.369637690376761796e+01,1.274644277731812814e+01,1.408344101253819503e+01,1.381619690854913785e+01,1.320973797840095187e+01,1.374141683744109699e+01,1.325512927453132228e+01,1.368236940635183885e+01,1.368018235181745368e+01,4.660940596496838673e-01,5.283615257333329485e-01,9.395815142869704539e-01,5.760813340348481804e-01,9.022098910097138269e-01,1.940324463302285085e-01,3.123171273397371550e-01,5.717664286542148977e-01,6.766919476569772662e-01,2.713230382952688813e-01,8.843888976582118255e-01
1.246828163447943894e+01,1.241127847186793076e+01,1.410477149214245962e+01,1.328745680883779912e+01,1.364518889555407810e+01,1.355698534172263869e+01,1.353873131701090138e+01,1.351965364732928698e+01,1.324981842917073394e+01,1.521236930068540616e+01,1.570190348711420647e+01,1.578805287730004636e+01,1.422870901844573943e+01,1.389849073629052967e+01,1.377301139207937197e+01,1.390678169089526151e+01,1.364477978636527666e+01,1.385930211194234474e+01,1.599555201047064301e+01,1.398749953780460409e+01
1.210503298025978047e+01,1.222413598431215931e+01,1.410097135972652183e+01,1.415799304943194237e+01,1.383182026504711359e+01,1.352649248174035179e+01,1.360953578866014446e+01,1.339524586030209719e+01,1.403398359732925016e+01,1.452848220849178595e+01,1.547565041947305176e+01,1.517444686175960022e+01,1.534365299893571688e+01,1.556222071177701594e+01,1.534155892361631501e+01,1.363792880269728158e+01,1.398526837572083181e+01,1.345790243842075284e+01,3.766508088897612350e+00,1.388210021106742964e+01
1.476771015956262190e+01,1.451728070669649995e+01,1.359512294198367144e+01,1.359554763157308521e+01,1.373550679698380250e+01,1.362032922978196758e+01,1.309804887171660503e+01,1.399243630048074394e+01,1.371899882072550980e+01,1.464095024605168405e+01,1.451604978797722367e+01,1.657095866635344450e+01,1.501060764774551082e+01,1.413222443357670421e+01,1.376490709478022545e+01,1.365219375103306554e+01,1.394984162406687567e+01,1.381654317796259512e+01,1.540360101655072889e+01,1.392395931040452872e+01
1.429473766174841209e+01,1.388915450726674194e+01,1.240365235742642014e+01,1.317106591373042690e+01,1.331373190783005178e+01,1.365667574493900105e+01,1.390094895978014300e+01,5.673532318237082706e+00,5.529540962263872039e+00,1.712227317306401986e+01,1.991294300308859011e+00,1.067534903013544811e+00,4.163042755398052575e-01,7.945568371236777505e-01,8.312103797003420613e-01,5.680266285377535418e-01,5.734634455430213107e-01,4.431075592139935848e-01,8.241018673569091568e-01,9.195503074122259868e-01
1.397648206581527930e+01,1.339267504759715344e+01,1.351822337811337427e+01,1.350260780157843676e+01,1.335627032372559242e+01,1.370151215660100874e+01,1.318085462333009694e+01,1.469884267003510603e+00,9.014576547282178609e+00,1.565291627233157534e+01,1.553183901807548040e+01,3.266130290741111608e+00,1.552028822433302402e+01,2.356183280346932474e+00,1.687313927247169554e+00,1.117385055532676974e+00,2.758342458236365813e-01,7.206870446505840855e-01,1.010284392695973699e+00,2.320226631138461726e-01
1.296257870582478411e+01,1.441791630708718586e+01,1.242035941300145829e+01,1.407730631209859773e+01,1.357494482042915607e+01,1.366569512957213917e+01,1.360407082764765896e+01,1.580150693425941721e+00,1.465854354988670893e+00,1.452268226485370350e+00,1.254753925540033732e+00,5.623110523356014134e-01,8.565382704896795651e-01,5.404900361889015681e-01,5.338178440686174309e-01,4.230124519263194771e-01,2.390905856670732521e-01,4.969338380295008628e-01,1.970682939530598310e-01,6.776405523687537569e-01
1.243897512576343090e+01,1.228220479350745187e+01,1.353983835347518649e+01,1.336335900806915866e+01,1.367693283011217176e+01,1.352488426073304240e+01,1.359480554100766625e+01,8.848611885069139760e+00,9.324317256944175014e+00,1.692535655044108012e+01,1.718163461556210336e+01,1.663970919446230567e+01,1.676044920895835943e+01,1.672176347302982791e+01,1.528242153887561461e+00,1.145342311582066896e+00,1.172169257473830495e+00,7.072491750710437897e-01,5.407652543517876831e-01,3.721894784850834914e-01
1.266426683936330555e+01,1.233330629225633324e+01,1.369142112927139721e+01,1.329290643485018286e+01,1.360884970562196372e+01,1.354470845349773711e+01,1.338238240077758157e+01,1.347623063511894514e+01,9.123088554037563469e+00,3.843776340016791693e+00,4.201714220805279787e+00,4.914156160393018169e+00,6.771343547796866424e-01,6.168969352610594870e-01,9.988151034729643163e-01,5.404104724882717870e-01,6.400604648715576550e-01,3.292683723585336231e-01,2.823125754384269714e-01,4.385745645226801770e-01
1.357206157832035665e+01,1.346299744212551808e+01,1.358128017179603830e+01,1.359863284670118944e+01,1.355762175551969051e+01,1.373603795123221261e+01,1.355020250128979242e+01,1.360509475005762248e+01,7.746070113313723304e-01,6.383102470271670992e-01,7.092804279641719001e-01,3.925647992116932938e-01,3.385024332866827801e-01,4.591818951136893423e-01,8.588432694120165523e-02,3.931971084446897469e-01,8.336979954596945852e-01,1.550795531306712050e-01,5.589322054676759688e-01,8.617205017018503277e-01
1.345819101969772902e+01,1.350912691864507664e+01,1.346614696318667903e+01,1.340786943452350499e+01,1.382982484863903139e+01,1.373119472419661768e+01,1.361032613858732176e+01,1.563023679312117764e+01,1.539076569015398910e+01,1.508259139544490246e+01,1.479120315288630749e+01,2.190725475958169799e+00,2.327862768966042495e+00,2.858216064743100304e+00,8.775645704511789713e-01,8.800864134422908824e-01,7.465279450086951263e-01,2.315892482117933582e-01,9.366942128062236694e-01,5.368430136327323465e-01
1.355283814601418335e+01,1.347713824007413663e+01,1.343458815601229261e+01,1.326800857088217356e+01,1.371588658023602036e+01,1.331587630733066341e+01,1.309160896714254640e+01,1.519769005685588681e+01,1.575848838732231449e+01,1.522236904090760490e+01,1.524902944799943505e+01,1.519846381133739577e+01,1.623806012823906642e+01,1.568664537056183761e+01,1.358407964558096204e+01,4.576369851728954607e+00,5.012278416176211060e+00,4.830085199203085544e+00,4.172462232421551676e+00,4.261536431404196357e+00
1.288913959007641274e+01,1.336937590157477906e+01,1.225706007070870207e+01,1.350349487447697072e+01,1.334111200392665175e+01,1.367148781862197282e+01,1.352027148634604892e+01,1.652070155872741353e+01,1.360701667193031028e+01,1.291309598294399841e+01,2.845853272897693298e+00,9.871869771604000476e-01,1.165843151571765324e+00,3.639614638419101378e-01,2.791459541769980013e-01,7.974523268911132279e-01,2.930588965928428991e-01,7.593838874763755298e-01,1.264867757324973807e+00,7.069926644101524049e-01
1.367925888164977621e+01,1.346448361774677238e+01,1.349318490946488858e+01,1.339717095219001131e+01,1.358327819741015752e+01,1.335829035497036621e+01,1.363226690313328149e+01,1.348433907712298030e+01,1.378526110501892887e+01,1.593951077194616772e+01,1.531095393162063445e+01,1.524836791065783004e+01,1.524465850985248139e+01,6.077545682311562558e+00,2.740755734681679101e+00,3.401210068588953916e+00,2.269557546352634958e+00,2.290221653930197832e+00,1.421994522654305593e+00,1.307867263074671493e+00
1.396913184638723138e+01,1.452182228510281981e+01,1.405963971882105135e+01,1.354516133651604903e+01,1.346488154717961550e+01,1.327276608810290881e+01,1.363191374871448325e+01,1.404233508063998848e+01,1.543625984902113935e+01,3.485215930104041515e+00,3.550579832284315174e+00,1.364313054549602278e+00,1.093828525481660208e+00,1.246126582205193012e+00,9.613200745682869419e-01,7.224093459341021095e-01,6.669079832066738822e-01,6.310073803862630282e-01,3.791322265776870259e-01,4.243193367737487232e-01
1.250715619382450683e+01,1.270506601649688072e+01,1.326692266258576680e+01,1.367747834372462634e+01,1.340432229719398904e+01,1.353012063584757563e+01,1.318420790714062107e+01,1.374234813131105781e+01,1.384684029493106827e+01,1.732571812138997469e+00,3.948306767381974391e-01,6.173051332779885270e-01,6.597368743482291409e-01,5.588124211646895434e-01,4.219926584163857797e-01,7.055614405231094288e-01,3.035491447892674777e-01,7.134884079254687483e-01,9.962522078043656304e-01,3.003616376034238256e-01
1.386197607169992807e+01,1.245956567761323797e+01,1.400316255824206202e+01,1.331403379653892216e+01,1.372606900352676007e+01,1.315553965752453536e+01,1.331681016432050768e+01,1.352919567405829326e+01,1.350395577457759799e+01,1.542982892729766853e+01,2.485675642263556639e+00,2.487441514040829915e+00,7.866449655427982801e-01,8.810745168718062681e-01,1.180663165640812196e+00,3.523539193237684719e-01,9.504145329720309343e-01,6.354124045487482553e-01,3.159576776981145030e-01,2.974617779450399735e-01
1.363381841322802934e+01,1.353798992949263535e+01,1.316474953083477928e+01,1.402206307779491468e+01,1.336188618066394440e+01,1.376113021242831991e+01,1.389386331711562583e+01,1.372064175763289562e+01,1.404743200116678281e+01,1.330602636793289228e+01,1.256231977798594812e+01,1.244827364555339066e+01,1.391993209387745800e+01,1.380865944564601833e+01,1.403336663740265600e+01,1.364872168457109325e+01,1.377681938075267709e+01,1.444543669050984036e+01,1.412048708732755919e+01,1.408219678478436876e+01
1.210663465598681654e+01,1.234291528886704548e+01,1.211289289879556641e+01,1.334349845808984014e+01,1.329616625673930486e+01,1.379077979749080285e+01,1.333011195919979031e+01,1.385335719994975712e+01,1.353881242273239671e+01,1.615657283550144996e+01,1.555989003073515775e+01,1.302431213185783321e+01,2.459434645124904062e+00,2.028219255789814213e+00,1.932483066769421720e+00,4.265119217054725631e+00,3.064509582119951392e-01,2.593790887315715055e-01,2.273717305297938696e-01,1.542802308107803777e-01
1.459087110909312202e+01,1.288668986357737545e+01,1.223660383395622375e+01,1.372972205751463193e+01,1.400346906144021730e+01,1.340876032004024943e+01,1.305860178100809321e+01,1.393798999343957057e+01,1.365393838952443062e+01,1.514966909597054290e+01,1.560536479921058817e+00,7.638453170337961007e-01,8.008623129627719939e-01,1.091453379442260119e-01,7.828047309045320368e-02,4.871436392435989360e-01,1.379956739454815395e-01,7.132137443549325662e-01,2.775750250329893642e-01,4.168719260299899032e-01
1.247086503157290238e+01,1.325389340974011887e+01,1.340219443825265877e+01,1.365942065198420607e+01,1.375817906524700440e+01,1.344801042147712700e+01,1.367418624250003489e+01,1.359061963801760164e+01,1.389301380450284995e+01,1.174639820301428017e+01,1.697788339634323407e+01,1.575376417230998349e+01,1.529343787045607250e+01,1.626565028985298866e+01,1.522703740156135410e+01,1.329971250596957866e+01,6.173469005241111418e+00,1.373704665249065648e+01,5.490493667779165143e+00,5.435533509373563277e+00
1.401241244203271386e+01,1.231145900772519397e+01,1.260092521964476830e+01,1.342123914771677562e+01,1.360804711706788162e+01,1.332224391754945003e+01,1.351812434174565958e+01,1.312905947867154310e+01,1.339915406679720355e+01,1.320384686618019643e+01,1.591307743994553014e+01,1.623760547926965714e+01,1.347775272165861260e+01,1.411918000764971026e+01,5.953690602742979898e+00,1.422203269140459447e+01,5.087441157185507379e+00,5.258140655244242012e+00,5.148271457747562785e+00,1.154231988194577951e+00
1.284205964326326388e+01,1.296164669880543840e+01,1.368888183028937000e+01,1.355088933834732678e+01,1.368224202453633076e+01,1.376059998647769511e+01,1.395721649885015481e+01,1.522595473266443378e+01,1.532545995703244124e+01,7.727999097965259523e+00,9.059984565587464900e+00,5.712959480458581929e+00,5.384389061639197394e+00,8.168969337123758834e+00,9.034534834395834935e+00,6.747913681345930392e+00,4.071157931659117324e+00,4.010224542806677839e+00,5.000862090061970466e-01,5.060595242717046416e-01
1.392778018602783696e+01,1.320601955749685175e+01,1.387781451877634709e+01,1.353331988859920898e+01,1.344588427677759768e+01,1.071420477928010762e+01,1.373030368315203198e+01,1.371521625693145019e+01,1.384287370967810205e+01,1.652031295916232212e+00,1.760962338936789440e+00,4.643059350460753798e+00,3.797695296102856499e-01,2.223020513088779238e-01,3.630507204868919646e-01,7.744703192137841752e-01,7.907039763920702402e-01,2.595618329820433834e-01,4.065297445836748014e-01,7.023997467218394686e-01
